A.ヴラディゲロフ	ディルマノ・ディルベロ変奏曲	ブルガリアの作曲家、ヴラディゲロフの初期の作品。民族的な主題に基づく、ダイナミックで非常にピアニスティックな変奏曲です。	https://youtu.be/Xepw5ug291Y
J.S.バッハ	イタリア協奏曲	ピアノ独奏のための作品ですが、文字どおり、協奏曲のようにソロと伴奏を同時に弾いているような作品です。全3楽章からなる、バッハの作品の中でも特に人気の高い作品です。	https://youtu.be/ghTitIMtTCM
J.S.バッハ	半音階的幻想曲とフーガ	即興的で自由な性格の幻想曲と、3声のフーガの2つの部分からなる作品。フーガの主題の初めの4音(A-B-H-C)は、バッハ(BACH)を並び替えたものです。	https://youtu.be/SNWOhm5iXxs
J.S.バッハ	ピアノ協奏曲 第1番	バッハはいくつかのピアノ協奏曲(チェンバロ協奏曲)を作曲しましたが、その中でも特に人気の高い作品です。協奏曲らしい、名人芸的な要素もある作品です。	https://youtu.be/osg_WmeLxQk
J.S.バッハ=ゴドフスキー	無伴奏ヴァイオリン・ソナタ 第1番	ヴァイオリンの名曲を、ゴドフスキーが対位法を駆使して緻密なピアノ編曲に仕立てたもの。全4楽章からなりますが、ここでは第2楽章「フーガ」の音源をご紹介します。	https://youtu.be/SxIJxLo-vBE
J.S.バッハ=ブゾーニ	トッカータとフーガ	バッハの作品の中でも特に有名であると思われる作品です。「シャコンヌ」の編曲でもおなじみのブゾーニによる、技巧的でありながら無駄のない編曲です。	https://youtu.be/a7H79qjq3x4
J.S.バッハ=ブゾーニ	シャコンヌ	原曲はJ.S.バッハの無伴奏ヴァイオリンのパルティータ第2番の「シャコンヌ」です。ブゾーニによる編曲は広く親しまれ、様々なピアニストが名演を残しています。	https://youtu.be/Fu-9frVpssg
J.S.バッハ=ブゾーニ	目覚めよ、と呼ぶ声あり	バッハが作曲したコラール(賛美歌)をブゾーニが編曲したもの。ブゾーニはバッハのコラールをいくつか編曲しており、その中でも人気のある曲の一つです。	https://youtu.be/DNx9cYJ1X_I
J.S.バッハ=ブラームス	シャコンヌ	J.S.バッハのシャコンヌのピアノ版というとブゾーニの編曲が有名ですが、実はブラームスが左手独奏のために編曲したものがあります。これはこれで良さがあります。	https://youtu.be/91KBiPlit-Y
J.S.バッハ=ペトリ	羊は安らかに草を食み	カンタータ「楽しき狩こそわが悦び」の第9曲。単独で聴く機会の方が多い気がします。5分ほどの作品ですが、終始穏やかで可愛らしい雰囲気の作品です。	https://youtu.be/Xgyz0XqDEEA
J.S.バッハ=ラフマニノフ	無伴奏ヴァイオリン・パルティータ 第3番	数少ないラフマニノフによる編曲の一つ。原曲は7曲からなりますが、ラフマニノフはそのうち3曲だけをピアノのために編曲しました。	https://youtu.be/ID5EYMt3ryo
J.S.バッハ=金子三勇士	G線上のアリア	誰もが知るバッハの名曲。シンプルで無駄のない編曲がなされています。なおピアノ編曲は他にも存在し、ジロティの編曲なども有名です。	https://youtu.be/GwuKkOGUxfw
J.シュトラウス2世=グリュンフェルト	皇帝円舞曲	原曲はヨハン・シュトラウス2世の「3大ワルツ」のひとつで、高い評価を得ている作品です。原曲に忠実ながら演奏効果の高い編曲がなされています。	https://youtu.be/JXt-6FknKjw
K.Kuroya	ピアノソナタ第2番 第1楽章	「AIR」というアニメの主題歌、「鳥の詩」をピアノ用に編曲したもの。ソナタ形式にまとめられていて、編曲のクオリティが驚くほど高いです。	https://youtu.be/OF-EeipcRBM
P.ヴラディゲロフ	トッカータ	5曲からなる「物語」という組曲の終曲にあたる作品で、ヴラディゲロフの作品の中では比較的よく演奏される作品です。打楽器的な、非常に演奏効果の高い音楽です。	https://youtu.be/A8vuGBFdoGs
P.ヴラディゲロフ	前奏曲 Op.15-1	ヴラディゲロフはブルガリアの作曲家で、多くのピアノ曲を残しています。この曲は非常に激しい曲想を持ち、彼の作品の中では比較的よく演奏されます。	https://youtu.be/Id76SyTcbmA
R.シュトラウス	ブルレスケ	ピアノと管弦楽のための作品で、実質的に単一楽章のピアノ協奏曲と言える作品です。ピアノの華麗な技巧が前面に押し出された、非常に演奏効果の高い作品です。	https://youtu.be/4q_zSvns0QY
アート・テイタム	tea for two	ジャズの名曲を、アメリカのジャズピアニストであるテイタムが編曲したもの。素敵な編曲ですが、卓越した速弾きの技術と手の大きさが要求されます。	https://youtu.be/kACt0FM0Kf8
アイアランド	引き船路	引き船路とは曳船道ともよばれ、運河などの水路の岸に沿って走る道のことだそうです。音数が少なく、心が洗われるような美しさのある、アイアランドらしい作品です。	https://youtu.be/IXqacN4DvJw
アイアランド	アンバレー・ワイルド・ブルックス	イギリスの作曲家、ジョン・アイアランドの作品。曲名はイギリスの渓流の名前です。自然描写を得意とした彼らしい、素朴で美しい作品です。	https://youtu.be/bnkp6G_-TRg
アイアランド	アーモンドの木	イギリスの作曲家、アイアランドの作品。五音音階が多用されており、東洋的で神秘的な雰囲気がします。アーモンドがアジア原産なことと関係があるのでしょうか？	https://youtu.be/ai172KE267I
アイアランド	大潮の歌	「サルニア〜島の情景〜」という組曲の3曲目で、とても穏やかで美しい作品です。この組曲は3曲からなりますが、他の2曲もとても素敵な曲なので、ぜひ聴いてみてください。	https://youtu.be/GvLG9T8qOiw
アイアランド	緑の道	「桜の木」「糸杉」「棕櫚と山査子」という、いずれも植物の名前を題名に関する3曲からなる組曲。自然描写を得意としたアイアランドらしい、春めいた明るさがある作品です。	https://youtu.be/_SkAhqIqa0Y
アイアランド	イークィノクス	曲名は昼夜平分時という意味で、いわゆる春分や秋分を指します。曲全体がほとんどアルペジオによって支配されており、非常にアイアランドらしい雰囲気を持つ作品です。	https://youtu.be/l3QNJbgT370
アイアランド	ロンドンの夜のバラード	イギリスを代表する作曲家、アイアランドの作品。バラードと銘打たれているだけあり物語性のある作品で、霧の都ロンドンの夜の情景が目に浮かんでくるようです。	https://youtu.be/gdvU6N3TNZM
アダムス	フリジアン・ゲート	パターン化された音型が少しずつ変わっていく、ミニマル・ミュージックに分類される作品。ゲートとは、旋法や調性が急に変わることで、この作品の特徴とも言えます。	https://youtu.be/-CvtZCawxw0
アダムス	チャイナ・ゲート	美しい響きと、パターン化された音形が少しずつ変化していく様子が美しい作品です。ミニマル・ミュージックに分類される作品です。	https://youtu.be/kY1PeH9fg5A
アダムス	ハレルヤ・ジャンクション	2台ピアノのための作品で、パターン化された音形を繰り返す「ミニマル・ミュージック」に分類される、長大な作品です。近代的な響きが美しい作品です。	https://youtu.be/8_HqDjJ63fE
アディンセル	ワルソー・コンチェルト	映画「戦雲に散る曲」の主題歌として作られた、ピアノ協奏曲の形態で書かれた作品。ちなみに、最初はラフマニノフに作曲を依頼したが断られた、という経緯があったりします。	https://youtu.be/JVbCTDVe94A
アブデル・ラヒム	エジプトの民謡による変奏曲	アブデル・ラヒムはエジプトの作曲家で、ピアノの作品は多くないものの、こちらの変奏曲を作曲しています。エジプトらしい独特の雰囲気がある作品です。	https://youtu.be/gmC2Uerg240
アムラン	「武装した人」によるトッカータ	ルネサンス時代のフランスの流行歌を元にした編曲作品。2017年のヴァン・クライバーン国際コンクールの課題曲として書かれた、非常に技巧的な作品です。	https://youtu.be/mgVA1Y6Ds0Q
アムラン	パガニーニの主題による変奏曲	確かにパガニーニの主題による変奏曲ですが、突如ベートーヴェンのソナタ30番の3楽章が出て来たりと、他のさまざまな曲の主題が登場する面白い曲です。	https://youtu.be/3N1przkk5tA
アムラン	トリプル・エチュード	ショパンのエチュード3曲(Op.10-2、Op.25-4、11)が同時に演奏されます。非常に面白い曲ですが、とても弾こうという気にはなりませんね(笑)。	https://youtu.be/VecnWFSkjy4
アムラン	ティコ・ティコ・ノ・フバー	原曲はブラジルのポピュラー音楽で、耳にしたことがある人も多いと思います。アムランらしいユーモアに溢れた編曲で、途中でショパンのある曲が登場します。	https://youtu.be/EU9ecgDOaOQ
アムラン	サーカス・ギャロップ	自動演奏のために作曲された作品で、とんでもなく音数が多い作品です。ちなみに、2台ピアノや1台10手などの編曲も存在しています。	https://youtu.be/H0G5Wr9XLys
アルカン	独奏ピアノのための交響曲	「すべて短調による12の練習曲」の第4から7番は、1セットで4楽章からなる「交響曲」となっています。オーケストラ的な響きのする、聴きごたえのある作品です。	https://youtu.be/79ZNMQ4neJM
アルカン	隣村の火事	「すべて長調による12の練習曲」の第7曲。不穏で激しく技巧的な部分が、穏やかで美しい序奏と後奏に挟まれた、曲名からして独創的な作品です。	https://youtu.be/BGmeOYaExno
アルカン	独奏ピアノのための協奏曲 第3楽章	「すべて短調による12の練習曲」の第8から10番は、3楽章からなる1つの作品になっています。ピアノ協奏曲を1台で表現した作品で、大変な難曲です。	https://youtu.be/OEnfFQ7JNnE
アルカン	悲壮的な様式による3つの曲	第3曲「死せる女」を紹介します。「怒りの日」の主題の引用に始まり、非常に劇的な展開をしていき、最後は第1曲「私を愛して」の主題の回想で曲を閉じます。	https://youtu.be/mrscbFEfeP4
アルカン	グランドソナタ	1~4楽章が20~50代の各時期を表現している独創的な作品。第2楽章「30代 ファウストのように」の動画を紹介します。人気も高いですが非常に演奏困難な楽章です。	https://youtu.be/6ITmxHJhBRc
アルカン	鉄道	並外れた超絶技巧を要する作品を多く書いたことで知られる、アルカンの作品の中で最も有名な作品の一つです。ただ技巧に走っているだけでなく、描写的な作品としても完成度は高いです。	https://youtu.be/m-U_CI2G9Ng
アルカン	スケルツォ・フォコーソ	超絶技巧を要する作品を多く作曲したアルカンの作品の中でも、特に難易度が高いと言われる、恐ろしい作品です。演奏効果が凄まじく高いことは言うまでもありません。	https://youtu.be/4DqdOqP75Q0
アルカン	アレグロ・バルバロ	「すべて長調による12の練習曲」の第5曲。技巧的な作品が多いアルカンの中でも、特に技巧的な作品であるように思えます。壮絶な演奏風景をぜひご覧ください。	https://youtu.be/r49pIDj0hEI
アルカン	モロッシアのリズムで	すべて短調による12の練習曲の第2曲。非常に厳格で勇壮な雰囲気を持つ作品です。音の数が多く、弾くのは相当大変そうです。(この曲集は全体的にそうですが...)	https://youtu.be/L0zJncKPZoo
アルカン	イソップの饗宴	すべて短調による12の練習曲の第12曲。主題と25の変奏からなる変奏曲の形式で書かれた作品で、変奏によっては並外れた超絶技巧が要求されます。	https://youtu.be/SSxbao_Chq0
アルカン	序曲	すべて短調による12の練習曲の第11曲。演奏時間は15分にも及ぶ長大な作品で、ピアノ曲であることを忘れさせられるような、交響的な響きがする作品です。	https://youtu.be/6V-uLeG10z0
アルカン	夜想曲 第1番	超絶技巧のイメージが強いアルカンですが、叙情的な小品も残しています。流麗な旋律と美しい響きが魅力的な1曲です。	https://youtu.be/_Df98Djeazs
アルチュニアン	3つの音画	アルメニアを代表する作曲家、アルチュニアンの作品。「風は山を吹き抜けた」「アララト平原の夕べ」「戦士の踊り」からなります。非常に演奏効果の高い作品です。	https://youtu.be/Qv1LM_674qo
アルベニス	ナバーラ	12曲からなる組曲「イベリア」の終曲になる予定だった作品。完成を間際にしてアルベニスが世を去ってしまったため、セヴラックやボルコムといった作曲家が補筆完成しました。	https://youtu.be/uw7D68i4vXE
アルベニス	エボカシオン	スペインを代表する作曲家、イサーク・アルベニスの代表作、組曲「イベリア」の第1曲。曲名は喚起、招魂といった意味。予感に満ちた、美しい作品です。	https://youtu.be/wfCK44BxH3A
アルベニス	アルバイシン	組曲「イベリア」の第7曲。「イベリア」の中では比較的よく演奏される曲で、第12曲「エリターニャ」とともに、ドビュッシーが絶賛したことで有名です。	https://youtu.be/g_jUWqYsNzw
アルベニス	エリターニャ	12曲からなる組曲「イベリア」の終曲。明るい雰囲気のまま、息をつかせることなく突き進む様は、終曲にふさわしいと言えるでしょう。曲名はセビーリャの居酒屋の名前から。	https://youtu.be/LTQ8ISHnJBg
アルベニス	マラガ	組曲「イベリア」の第10曲。マラガとは、地中海に面するスペインの港町の名前です。目まぐるしい転調が見られ、スペインらしい自由さが感じられる曲です。	https://youtu.be/Iv2EQuTY_OE
アルベニス	港	組曲「イベリア」の第2曲。スペイン的なリズムと開放的で明るい雰囲気が魅力的な一曲。難曲揃いの「イベリア」の中では比較的易しいことなどからも、人気のある一曲です。	https://youtu.be/Hz9cZ0wOjQ0
アルベニス	アルメリア	組曲「イベリア」の第5曲。組曲の中では地味ですが、南国スペインらしい、穏やかな陽気さを持つ叙情的な作品です。「イベリア」の中では、印象派的な書法が目立つ作品です。	https://youtu.be/v_kFybySkv0
アルベニス	へレス	組曲「イベリア」の第11曲。「イベリア」の中では目立つ作品ではありませんが、この曲がアルベニスの最高傑作と言う人もたくさんいます。侘び寂びのようなものを感じる傑作です。	https://youtu.be/U1YsyCQbRQU
アルベニス	トゥリアーナ	組曲「イベリア」の前半を締めくくる傑作。フラメンコのリズムで書かれた、非常にスペイン的な作品で、技巧的にも派手なことから、単独で取り上げられる機会も多い作品です。	https://youtu.be/DtOa390LUG8
アルベニス	ロンデーニャ	「イベリア」の第4曲。南国スペインらしい、のどかで陽気な作品です。曲名は伝統的な舞曲の名前から。楽譜には6/8拍子と3/4が1小節ごとに交互に現れます。	https://youtu.be/nJr2SPLPICE
アルベニス	セビーリャの聖体祭	「イベリア」の第3曲。「ラ・タララ」という民謡の主題を使って書かれた、非常に派手で技巧的な作品で、アルベニスの「本気」を伺い知ることができる作品です。	https://youtu.be/MrKFuRElB6k
アルベニス	エル・ポーロ	組曲「イベリア」の第8曲。曲名はアンダルシア(スペイン南部)に伝わる舞曲の名前。3拍子のリズムに乗って、目まぐるしく転調しながら、民謡のような旋律が奏されます。	https://youtu.be/HdbLgKbzHV0
アルベニス	ラバピエス	組曲「イベリア」の第9曲。曲名はマドリッドの一角、ラバピエス地区から。手の交差が非常に多く、難曲揃いで有名な「イベリア」の中でも特に難しいとされる作品です。	https://youtu.be/0Qqcgj8enKo
アルベニス	ラ・ベーガ(平原)	未完の組曲、「アルハンブラ宮殿」の第1曲です。晩年に書かれた代表作、「イベリア」の直前に書かれた作品で、書法的にそれまでの作品とは一線を画する作品です。	https://youtu.be/bUbAE90xuio
イベール	フランス風	フランスの作曲家、イベールの作品。教育用の小品のような曲をたくさん作曲したイベールらしい、可愛らしく、少し洒落っ気のある小品です。	https://youtu.be/UV-ysLubVf8
イベール	物語	「物語」はフランスの作曲家、ジャック・イベールの代表的なピアノ作品で、可愛らしい短い10曲からなる組曲です。ここでは人気がある第2曲「小さな白いロバ」を紹介します。	https://youtu.be/IVOUDFHScjo
イベール	廃墟を渡る風	イベールはフランスの作曲家で、あまり知られていませんが、いくつかピアノ曲を残しています。この曲は、駆け抜ける風のような疾走感と、暗い激しさがある作品です。	https://youtu.be/KB8hQEpIBqc
イルマ	River Flows In You	韓国のピアニスト、イルマの作品。ジャンルとしてはニューエイジなどに分類される作風で、ドラマ「冬のソナタ」の挿入曲などで人気を博しました。	https://youtu.be/7maJOI3QMu0
インファンテ	エル・ビートによる変奏曲	スペインの作曲家、インファンテによる作品。ギターによる演奏などで有名なスペインの民謡、「エル・ビート」の主題に基づく変奏曲です。	https://youtu.be/Gq_ksLCS1hY
インファンテ	3つのアンダルシア舞曲	2台ピアノのための作品。スペイン的な性格が強く、演奏効果も高い派手な作品で、2台ピアノ作品の代表格的存在です。第1曲「リトモ」の演奏動画を紹介します。	https://youtu.be/lgNBhBsgWSk
ヴァイン	ピアノソナタ第1番	ヴァインはオーストラリアの現代作曲家。全2楽章からなり、特に第1楽章はよくコンクールなどで弾かれるイメージがあります。緩急の対比が極端で、非常に面白い曲です。	https://youtu.be/F89fz09pbHs
ヴィヴァロフ=加羽沢美濃	カッチーニのアヴェ・マリア	カッチーニのアヴェ・マリアはいくつかピアノ編曲がありますが、中でも人気があるのがこの編曲です。なお、有名な話ですが、カッチーニという人が作った曲ではありません。	https://youtu.be/3DtCp0Mwe_s
ヴィラ=ロボス	トリストローザ	曲名は「悲しみに満ちて」という意味。ワルツのリズムで書かれた作品で、初期に書かれたのもあって美しくわかりやすい作品です。ギター版も素敵です。	https://youtu.be/Y4OhpLgO_S4
ヴィラ=ロボス	ショーロス第5番	ヴィラ=ロボスが作曲した十数曲の「ショーロス」のうち、唯一ピアノ独奏のために書かれた作品。「ブラジルの魂」という副題がつけられています。	https://youtu.be/8QfPYtS_q8M
ヴィラ=ロボス	野生の詩	ルービンシュタインに献呈された、非常に大規模な作品(単一楽章で約18分)。現代的な和声と超絶技巧が効果的に使われた、曲名通りの雰囲気が印象的な一曲です。	https://youtu.be/tRLFy9b3jy4
ヴィラ＝ロボス	ショパン礼賛	ショパン没後100年にあたる1949年に作曲された作品。「夜想曲」と「バラード」の2曲からなり、この曲名からも明らかにショパンを意識していることが伺えます。	https://youtu.be/yKYX8cN4KSk
ヴィラ=ロボス	ブラジル風バッハ第4番	ヴィラ=ロボスが作曲した全部で9曲あるブラジル風バッハのうち、第4番だけがピアノ曲です。「前奏曲」「コラール」「アリア」「舞曲」の4曲からなります。	https://youtu.be/-gZYO1wKIgI
ヴィラ=ロボス	奥地の祭り	ブラジルの作曲家、ヴィラ=ロボスの円熟期の傑作である「ブラジルの詩」という組曲の第3曲にあたる作品です。祭りの情景を描いた、明るく派手な作品です。	https://youtu.be/meRKl1rpTOY
ヴィラ=ロボス	白いインディオの踊り	「ブラジルの詩」という組曲の終曲にあたる、かなり派手な作品。ヴィラ=ロボスは、「白いインディオ」というのは自分自身だと言っていたそうです。	https://youtu.be/fWhwZcNNXtw
ウェーバー	ピアノソナタ第1番 第4楽章	ウェーバーといえば「舞踏への勧誘」が圧倒的に人気ですが、おそらく2番目に人気なのがこの曲。「無窮動」という愛称で親しまれる、演奏効果の高い曲です。	https://youtu.be/G5QKMb2GRs4
ウェーバー	ピアノ小協奏曲	もともとは「ピアノ協奏曲第3番」として構想されていた、一続きの4つの部分からなる作品。オクターブグリッサンドが何度も登場することで有名です。	https://youtu.be/pDJO3FQers4
ウェーバー=ゴドフスキー	舞踏への勧誘	原曲はウェーバーの代表作で、ウィンナー・ワルツの先駆けとも言える作品です。音は十分に多い編曲ですが、ゴドフスキーはこの曲を2台ピアノ・3台ピアノ用にも編曲しています。	https://youtu.be/1IA5dX5rUb4
ウストヴォーリスカヤ	ピアノソナタ 第6番	ピアノを拳や腕で殴りまくるという、衝撃的な曲です。演奏している光景もなかなか衝撃的です。これほど暴力的な音楽には出合ったことがありません。	https://youtu.be/_excguxI81I
ウルマン	ヘブライ民謡による変奏曲とフーガ	強制収容所で命を落としたユダヤ人作曲家、ウルマンの最後の作品。理不尽な死を目前にしてこの曲が書かれたと知って聴けば、感動せずにはいられません。	https://youtu.be/3cYjDppPhhk
エスケシュ	二重の遊び	エスケシュはフランスのオルガニスト・作曲家。この曲は、軽快で打楽器的なリズムと、近代的な響きが特徴的な作品です。	https://youtu.be/kZ99Re9-O4o
エスプラ	スペイン風ソナタ	3楽章からなるソナタで、曲名通りのスペイン的な雰囲気が魅力的です。「ショパンへのオマージュ」という副題も付されており、第2楽章がマズルカで書かれていたりします。	https://youtu.be/Y-QxdTNeZxY
エッレル	鐘	エッレルはエストニアを代表する作曲家の一人です。この作品は、曲名通り、まさに鐘のような響きがします。マイナーですが、ラフマニノフの「鐘」に勝るとも劣らない傑作かもしれません。	https://youtu.be/Kdmdkn-UOmc
エネスク	組曲 第2番	ルーマニアの作曲家、エネスクの作品。20世紀の作品ですが、バロック時代の組曲を模した構成の作品で、第1曲の「トッカータ」が人気です。	https://youtu.be/ghymgIe6DX4
エマニュエル	ソナチネ 第2番	エマニュエルはフランス近代の作曲家で、個性的で興味深い6つのソナチネを残しています。第2番は鳥をモチーフにしており、ここでは第1楽章「うずら」をご紹介します。	https://youtu.be/BlSw5YWeKAs
エミール=ロベール・ブランシェ	古い後宮の庭で	6曲からなる組曲「トルコ」の第3曲。感傷的で異国情緒の漂う作品ですが、低音のトレモロや速弾きを駆使した技巧的な部分も目立つ作品です。	https://youtu.be/zypvsQG7eKw
エミール=ロベール・ブランシェ	トルコ狂詩曲	民族的な旋律やリズムに加え、トッカータ的な技巧的要素も目立つ作品。ピアニストとしても活躍したブランシェらしい作品です。	https://youtu.be/bxc5qXSiar4
エルガー	ソナチネ	「愛の挨拶」などで有名なエルガーの作品。姪のために書かれたため全2楽章で4分ほどと短い作品ですが、美しく心が洗われるような作品です。	https://youtu.be/NXM-Y4eriJ0
エルガー=グレインジャー	エニグマ変奏曲 より 第9変装「ニムロッド」	変奏曲の1変奏でありながら、様々な楽器のための演奏が存在し、単独で演奏される機会も多い作品。エルガー本人によるピアノ編曲もあります。	https://youtu.be/O3YY-iIESd4
エルキン	印象	トルコ5人組の一人である、エルキンの代表作の一つです。「印象」は短い11曲からなる組曲で、民族音楽的なメロディーとリズム、近代的な和声が特徴的です。	https://youtu.be/MQBexfARrpE
エルキン	ピアノソナタ	エルキンはトルコ5人組の一人で、民族的な要素を取り入れた近代的な作風が特徴の作曲家です。全3楽章からなり、構成はコンパクトでありながら聴きごたえのある一曲です。	https://youtu.be/JEc27jNDB6o
エルネスト・アルフテル	ポルトガル狂詩曲	ピアノと管弦楽のための作品で、事実上、単一の楽章からなるピアノ協奏曲です。知名度はかなり低い作品なのですが、派手でオススメの一曲です。	https://youtu.be/0d1eOfL87cw
エングルンド	序奏とトッカータ	エングルンドはフィンランドの現代作曲家。この曲は、堂々とした足取りの序奏と、それに続く打楽器的な性格のトッカータからなります。非常に演奏効果の高い作品です。	https://youtu.be/QAb6Kv_N6Ns
オーンスタイン	野生人の踊り	クラスター奏法(隣接した音をいくつも鳴らす奏法)と複雑な変拍子が多用された、面白い作品。曲名通りの、一言で言えばヤバい感じの曲ですが、一聴の価値はあります。	https://youtu.be/Ii3oEVz1rVg
オーンスタイン	飛行機に乗って自殺	意味不明な曲名ですが、かなり描写的で完成度が高い曲であるように思われます。不協和音が多用されていますが、案外不快な響きではなく、面白い曲です。	https://youtu.be/hby7Q0KFA2Q
オーンスタイン	孤独	「飛行機に乗って自殺」などの、現代的な曲が有名なオーンスタインですが、美しい曲もたくさん書いています。近代的な和声感と、どこか寂しげな響きがとても美しい曲です。	https://youtu.be/MioWCeIndhI
オーンスタイン	森の朝	レオ・オーンスタインはアメリカの現代作曲家。透明感のある近代的な響きがする、とても美しい曲です。ちなみに、楽譜は彼の公式サイトからダウンロードできます。	https://youtu.be/BL4iXqeXarA
オッフェンバック=ギンペル	海兵隊賛歌によるパラフレーズ	ウクライナのピアニスト、ギンペルの編曲作品。4分ほどの小品ですが、高度な技巧が要求される派手な作品です。アムランによる演奏が有名です。	https://youtu.be/7HBSTYEiT2o
オベール	航跡	フランスの作曲家、ルイ・オベールの作品。「海岸に」「救済」「夜に」の3楽章からなり、師匠であったフォーレや同世代の作曲家たちの影響を感じられる作品です。	https://youtu.be/Dxlmj9JBFzY
ガーシュウィン	ピアノ協奏曲	アメリカを代表する作曲家、ガーシュウィンのピアノ協奏曲。ピアノ協奏曲というと少し硬いイメージがありますが、ジャズっぽくてとてもオシャレな感じが素敵な曲です。	https://youtu.be/DxUHcXUJZgY
ガーシュウィン	3つの前奏曲	「ラプソディー・イン・ブルー」などで有名なガーシュウィンのピアノソロ曲。ジャズっぽいリズムと和声が、なかなかイイ感じです。ちなみに連弾版もあります。	https://youtu.be/YLzXm984h54
カーニス	スーパースター・エチュード 第1番	グリッサンドやクラスター、オクターブ連打などが多用された面白い作品です。グリッサンドをしながら叫ぶラストは必見です。	https://youtu.be/w8npvHgJMMY
カウエル	3つのアイルランドの伝説	アメリカの作曲家、カウエルの作品。腕や手などで近接した音をいくつも鳴らす、クラスターが効果的に多用されている作品です。ピアノの無限の可能性を感じます。	https://youtu.be/Y4TQosZe_IM
カジュガリエフ	ピアノ協奏曲 第2番	カザフスタンの作曲家、カジュガリエフの代表作の一つ。不協和音を多用した、推進力のある作品で、民族的音楽的な要素も強いのが特徴。非常に面白い作品です。	https://youtu.be/poIaqH6kImE
カスキ	夜の海辺にて	フィンランドの作曲家、ヘイノ・カスキの代表作の一つ。どこか陰鬱でありながら、とても美しいメロディーが印象的な、夜想曲のような曲想を持つ作品です。	https://youtu.be/XDsRvOxYPMg
カスキ	秋の朝	曲名通りの、少し涼しげな雰囲気の作品です。それにしてもYoutubeでカスキと検索すると日本人の演奏ばかり出てくるのは不思議です。ちなみにカスキはフィンランド人です。	https://youtu.be/04cBtXmOjFw
カスキ	激流	フィンランドの作曲家、ヘイノ・カスキの代表作。原題はパンカ急流という急流の名前であり、「激流」は意訳に近いものです。日本の小学生や中学生がよく弾くようです。	https://youtu.be/fULaShv8uec
カステレード	セロニアス・モンクを讃えて	セロニアス・モンクはアメリカのジャズピアニスト。自由で即興的な雰囲気の「肖像画」と一貫したリズムに乗り突き進む「黙示的ロック」の2曲からなります。	https://youtu.be/n7fPSTdX8RM
カズラエフ	ロマンチックなソナチネ	アゼルバイジャンの作曲家、ムラド・カズラエフの作品。全3楽章からなる作品で、形式は古典的ですが、独特の和声感が印象的です。	https://youtu.be/Xtei2s49igY
カゼッラ	トッカータ	カゼッラはイタリアの作曲家で、ピアノ曲も多く残しています。打楽器的な要素が強い作品ですが、流麗なメロディーも特徴的な作品です。	https://youtu.be/xI7vchMrjzM
カトワール	瞑想	4つの小品 Op.12の第2曲。カトワールの後期の作品の中には調性を離脱したようなものも見られますが、前期に書かれたこの作品は、非常に流麗で美しい作品です。	https://youtu.be/Zd3sKL45-hE
カプースチン	8つの演奏会用エチュードより「フィナーレ」	8つの演奏会用エチュードの最後を飾る派手な作品。ハッチポッチステーションの曲に似ているということで話題になったことがあります。	https://youtu.be/92X-JlUMrxo
カプースチン	変奏曲	作品番号でいうと、有名な「8つの演奏会用練習曲」の次にあたる作品です。カプースチンの作曲技法の全てが詰め込まれた作品、と言っても過言ではなさそうな名曲です。	https://youtu.be/mohfacoXbmA
カプラーロヴァー	4月の前奏曲	チェコの女流作曲家で、夭折したため作品は少ないですが、ピアノ作品全集も録音されています。独特の雰囲気の作品です。	https://youtu.be/09wcAv1umG8
カラマーノフ	廃寺	カラマーノフは旧ソ連の作曲家。作品の数は多いですが、当局との対立ゆえに無名の作曲家でした。この曲は、神秘的でどこか寂しげな光景が目に浮かぶような名曲です。	https://youtu.be/me627ci9tvc
カリンニコフ	エレジー	ロシアの作曲家、カリンニコフのピアノ作品の中ではおそらく最も有名なものです。ロシア民謡のような濃厚なロマンチズムに満ちた、どこか哀しげで美しい作品です。	https://youtu.be/K5rUev_VAmw
ガルータ	ピアノ協奏曲	ラトビアの女性作曲家、ガルータの作品。同じ嬰ヘ短調で書かれた、スクリャービンのピアノ協奏曲に近い雰囲気があります。知名度は低いですが、素晴らしい作品だと思います。	https://youtu.be/I0iaMpJ8-iI
キーボー	be still	白鍵の和音のみで構成された、非常に静謐な雰囲気の作品です。2016年に作曲された、70分と長大な演奏時間を要する作品です。	https://youtu.be/CnqnJemM--c
キュイ	夜想曲 Op.22-3	キュイはロシア五人組の一人ですが、毒舌で人望がなかったらしく、その中で最もマイナーな存在です。ですが実は、この曲のように素敵な曲をいくつも残しています。	https://youtu.be/vJjDSd2i4VI
ギロック	抒情小曲集	ショパンの24の前奏曲と同じ調の24曲からなる作品。どの曲も1分程度ですが、通奏した動画がなかったので、ここでは15曲目の「セレナード」を紹介したいと思います。	https://youtu.be/5710ufzG_BI
グァスタヴィーノ	ラプラタ川のロマンス	アルゼンチンの作曲家、グァスタヴィーノのピアノ連弾のための作品。全3楽章からなります。「ロマンス」というタイトルがぴったりな、流麗で美しい作品です。	https://youtu.be/Zw2v2i_ifcI
グーセンス	自然詩	オーストラリアの作曲家、グーセンスの作品。「目覚め」「牧歌」「バッカスの踊り」の3曲からなります。ドビュッシーなどの影響を伺わせる、近代的な響きが美しいです。	https://youtu.be/uht7EvWclBQ
グーセンス	「船」-ピアノのための3つの前奏曲	オーストラリアの作曲家、グーセンスの作品。フランス音楽のような洒落た響きが特徴的。「引き船」「不定期船」「定期船」の3曲からなります。	https://youtu.be/fnG0XkitLuI
クープラン	神秘の障壁	クープランはバロック時代にフランスで活躍した作曲家です。独創的なタイトルのこの曲は、クープランの作品の中でも特に人気のある曲のひとつです。	https://youtu.be/uZWf9neUf1I
クセナキス	6つの歌	「シナファイ」などで有名なクセナキスの作品。現代的な作風で知られていますが、この曲は初期に書かれたこともあって分かりやすく、民謡のような旋律が特徴的です。	https://youtu.be/kCC6ovASc6E
クライスラー=ヴァネーエフ	プニャーニの様式による前奏曲とアレグロ	原曲はクライスラーのヴァイオリン作品の中でも有名な作品のひとつです。原曲に比較的忠実に、演奏効果の高い編曲がされています。	https://youtu.be/NAWtfNHp0o4
クライスラー=ラフマニノフ	愛の悲しみ	「愛の喜び」と対をなす作品で、もとはヴァイオリン曲です。穏やかで感傷的な雰囲気の作品ですが、ところどころラフマニノフらしい技巧の要素も見られる編曲です。	https://youtu.be/j97z3ffswd8
グラズノフ	エチュード「夜」	ロシアの作曲家、グラズノフの作品。グラズノフはいくつかのエチュードを作曲しており、その中では特に人気があるように思われる作品です。非常に流麗で美しい作品。	https://youtu.be/KU788WGfo1Y
グラナドス	アンダルーサ	12曲からなる「スペイン舞曲集」の第5曲で、グラナドスの作品の中では比較的よく演奏されます。下の音源はグラナドス自身による演奏です。ちなみにギター版も有名です。	https://youtu.be/AUyu4UUf7wg
グラナドス	愛の言葉	「恋するマホとマハ」という副題も持つ、後にオペラ化もされたグラナドスの傑作、「ゴィエスカス」という組曲の第1曲。物語はこの後、悲劇的な結末に突き進んでいきます。	https://youtu.be/RmO_OVe7m1w
グラナドス	わら人形	「ゴィエスカス」という晩年の組曲の1曲。わら人形というと日本では禍々しいイメージがありますが、広げた布にわら人形を乗せて跳ねさせる遊びの情景を描いたようです。	https://youtu.be/DVviKip9FLM
グラナドス	嘆き、またはマハと夜鳴きウグイス	グラナドスの晩年の組曲「ゴィエスカス」から。夜鳴きウグイスというのは、いわゆるナイチンゲールのことです。哀愁と、死の予感が漂う曲です。	https://youtu.be/ezREoh8-JQM
グラナドス	詩的ワルツ集	ラヴェルの「高雅にして感傷的なワルツ」のように、何曲かのワルツが連続して演奏されます。明るく華やかな作品です。ギター編曲版も素敵なので、ぜひ聴いてみてください。	https://youtu.be/zWDL7n-JYX8
グリーグ	ピアノ協奏曲	言わずと知れた名曲ですが、あえて紹介してみます。クラシックに詳しくなければ、第1楽章しか知らない人がほとんどだと思いますが、第2楽章、第3楽章も素晴らしいです。	https://youtu.be/QtpZksS89z0
グリーグ	ホルベアの時代から	「ホルベアの時代」とはすなわち「バロック音楽の時代」に近いものを指します。5曲からなる、バロック時代の様式で書かれた組曲です。オーケストラ版もあります。	https://youtu.be/K7NEzBEc27A
グリーグ	ピアノソナタ Op.7	グリーグが作曲した唯一のピアノソナタにして、かなり初期の作品。全4楽章からなります。ドイツロマン派的な性格がかなり濃い作品だと思います。	https://youtu.be/iWQUeipn-N0
グリーグ	祖国にて	グリーグの抒情小曲集という、全10巻、計66曲からなる組曲の1曲。抒情小曲集は他にも素敵な曲がたくさんあるのですが、ここでは中の人が最も好きな「祖国にて」を紹介します。	https://youtu.be/NtZM2mHk30U
グリーグ=ギンスブルグ	山の魔王の宮殿にて	「朝」などで有名な「ペール・ギュント」の中の1曲を、ギンスブルクというピアニストが編曲したもの。これほど脳筋な編曲は中々ありません。一聴の価値あり。	https://youtu.be/_tdBFx37Mps
グリエール=ルーウェンサール	ロシア水兵の踊り	バレエ「赤いけしの花」の中の1曲を、これでもかというほど派手に編曲したもの。曲の形式としては変奏曲です。吹奏楽などでも演奏される曲です。	https://youtu.be/V2RhT65aEio
クリスチャンセン	前衛的なソナタ Op.17-1	現代作曲家のクリスチャンセンが作曲した「3つの前衛的なソナタ」の第1番。楽譜は文章となっており、動画の説明に書かれていますので興味のある人は見てみてください。	https://youtu.be/7kGOKoGNYXk
グリフィス	「ローマのスケッチ」より第3曲「アクアパオラの泉」	曲名はローマにある噴水の名前から。ピアノの高音域を上手く使って、水のキラキラした感じを表現しています。	https://youtu.be/PVGNijLskvk
グリンカ=バラキレフ	ひばり	グリンカの歌曲「ひばり」を、ロシアの作曲家、バラキレフが非常にピアニスティックに編曲したもの。原曲もとても素敵な曲ですが、編曲も非常にクオリティが高いです。	https://youtu.be/cxlf-ZmE8JI
グルダ	「Light my fire」変奏曲	ピアニストとしての方が有名なグルダの作品。Doorsというバンドの「Light my fire (ハートに火をつけて)」という曲が原曲です。	https://youtu.be/jhidkzL6TWU
グレインジャー	ダホメーにて	ダホメーはアフリカの地名で、現在のベナン共和国のあたりを指します。ケークウォークのリズムで書かれた派手で軽快な作品です。特殊奏法が多く、視覚的にも面白いです。	https://youtu.be/GEg-M03tZDU
グレツキ	ピアノソナタ 第1番	ポーランドの現代作曲家、グレツキの初期の作品。不協和音が打楽器的に多用されており、推進力に満ち溢れた第1、3楽章と、静謐な雰囲気の第2楽章からなります。	https://youtu.be/tlZYL8zjBb8
ケージ	ある風景の中で	あの「4分33秒」で有名なジョン・ケージの初期の作品。世間一般のケージのイメージを覆すような、静かで非常に美しい響きがする作品です。	https://youtu.be/PSmXAG2mYY4
ケテルビー	日本の屏風から	「ペルシャの市場」などで有名なケテルビーですが、実はピアノ作品も多く残しています。全体的に東洋的な雰囲気を持つ曲で、途中で「君が代」が登場するのが面白いです。	https://youtu.be/gaxnL8neRpg
コセンコ	2つの伝説詩曲	コセンコはウクライナの作曲家で、作風からは初期から中期にかけてのスクリャービンの影響が顕著に見て取れます。この作品が、コセンコの最も有名な作品のようです。	https://youtu.be/1gE08OT6pCc
コダーイ	ドビュッシーの主題による瞑想曲	ハンガリーの作曲家、コダーイの作品。「ペレアスとメリザンド」の主題が用いられており、何も知らなければドビュッシーの作品だと間違えてしまいそうです。	https://youtu.be/wZVY0D2-zQI
ゴットシャルク	バンジョー	アメリカの作曲家、ゴットシャルクの作品。バンジョーとはギターに似た楽器のこと。この作品は、バンジョーをピアノに移したような、派手で楽しい作品です。	https://youtu.be/SKDyYiCXlOg
ゴットシャルク	ユニオン	国民歌によるパラフレーズという副題も持つ曲で、Yankee Doodle(日本ではアルプス一万尺として知られています)などが登場します。これぞアメリカ国民楽派。	https://youtu.be/NLSICdgo7vk
ゴドフスキー	パッサカリア	シューベルトの「未完成交響曲」の冒頭8小節の主題に基づく長大な作品。ゴドフスキーらしい、非常にポリフォニックな書法で書かれた難曲です。	https://youtu.be/f0nlJXooIVc
ゴドフスキー	ショパンの練習曲による53の練習曲より第47番	同じ変ト長調で書かれている「黒鍵」と「蝶々」を同時に演奏するという非常に面白い作品です。「冗談」という副題が付けられています。	https://youtu.be/ie_IFjxCnJ0
ゴドフスキー	クラトンにて	ジャワ組曲の第10曲。クラトンとはジャワにある宮殿の名前です。哀愁漂う夕暮れの音楽で、どこからか聞こえてくるガムランの音が、激しさを増しては消えてゆきます。	https://youtu.be/x4uPbuZ0B-U
ゴドフスキー	ソロの宮廷行列	ジャワ組曲の最後を飾るに相応しい、非常に派手な作品。行進曲のリズムに乗って、クライマックスへと突き進んでいきます。哀愁漂う中間部も素晴らしいです。	https://youtu.be/VFJq3TnuM1Y
ゴドフスキー	ボイテンゾルクの植物園	ジャワ組曲の第8曲。ゴドフスキーといえば超絶技巧、というイメージが浸透している気がしますが、この曲は非常に官能的な色彩を持つ穏やかな曲です。	https://youtu.be/jbXialUks4Q
ゴドフスキー	ブロモ火山と夜明けの砂の海	ジャワ組曲の第6曲で、組曲の前半を締めくくる曲です。現地では神聖な火山とされるブロモ火山の、夜明けの情景が描かれます。非常に壮大で美しい作品です。	https://youtu.be/03NCwzIc89c
ゴドフスキー	「ジャワ組曲」より「ガムラン」	12曲からなるジャワ組曲の第1曲。ジャワに古くから伝わる伝統的な音楽が、ピアノの音色によって奏でられます。非常に東洋的な響きがする曲です。	https://youtu.be/cG0GBHIpwvg
コンスタンティニディス	8つのギリシャ舞曲	ギリシャの作曲家、ヤニス・コンスタンティニディスの作品。民俗的なメロディーとリズムが特徴的で、なおかつピアノの技巧的な要素もある名作です。	https://youtu.be/iLA8hkVGoHM
サーントー	組曲「日本」	サーントーはユダヤ系ハンガリー人の作曲家。この組曲は「忠臣蔵」「地搗唄」「権兵衛が種播く」「祭り囃子」の4曲からなり、曲名通りの和風な雰囲気が魅力的な作品です。	https://youtu.be/DGErCR4uPEA
サイグン	ソナチネ	トルコの作曲家、サイグンの作品。3楽章からなる、比較的初期に書かれた作品です。民族的な旋律とリズムが面白い作品です。特に終楽章などは、激しく演奏効果も高いです。	https://youtu.be/0W14d2nL_L4
サティ	「うるさいいたずら」 より 第3曲 「彼の足にできた魚の目を利用して、輪まわし遊びの輪を彼からうばうこと」	子供のための作品。サティの作品の中でもトップクラスに意味不明な曲名です。	https://youtu.be/iX4OqW6s_1Q
サティ	ピカデリー	サティの代表曲の一つで、サティらしい、軽快で洒落た感じの小品です。ケークウォークのリズムを用いて書かれています。ちなみにピカデリーとはロンドンの繁華街の名前だそうです、	https://youtu.be/sScd15eyoUU
サティ	ヴェクサシオン	曲名は「嫌がらせ」という意味。同じフレーズを840回繰り返します。Youtubeに演奏動画(9時間40分)があるのがすごいです。世の中、いろんな人がいるんですね。	https://youtu.be/gImDzmNuEDA
サティ	干からびた胎児	「なまこの」「甲殻類の」「柄眼類の」という3曲からなります。例によって奇抜な曲名ですが、曲を聴いてみると曲自体は普通なので驚きです。	https://youtu.be/W6LSyxGa4F8
ザデヤ	トッカータ	アルバニアの作曲家、セスク・ザデヤの作品。言うまでもなくマイナーな作品ですが、なかなかいいです。ちなみにアルバニアの作曲家によるピアノ作品集というCDに入っていました。	https://youtu.be/zo_-miI8mdg
サマズイユ	海の歌	「前奏曲」「海の上の月光」「海の嵐と日の出」の3曲からなります。作曲者自身も認めていたように、自然描写を得意としたドビュッシーの強い影響が窺える作品です。	https://youtu.be/zER7Edf_M5w
サリアン	3つの後奏曲	アルメニアの作曲家、ガザロス・サリアンの作品。近代的な作風で、演奏効果も高いです。演奏者のアルス・アドゥジェミアンは他にもアルメニアのピアノ曲を多数演奏しています。	https://youtu.be/asbL5Uz20rA
サン・サーンス=ゴドフスキー	白鳥	「動物の謝肉祭」の中でも特に人気の高い1曲。ショパンのエチュードの編曲などで悪名高い(?)ゴドフスキーですが、この曲のようにとても素敵な編曲も残しています。	https://youtu.be/Dbyu4Qh0YYA
サン・サーンス=ドビュッシー	序奏とロンド・カプリチオーソ	サン・サーンスの代表作の2台ピアノ版。ヴァイオリンの名手であったサラサーテのために書かれた作品で、スペイン的な要素が強いのが特徴です。	https://youtu.be/gPo7Vg4FbeU
サン・サーンス=ビゼー	ピアノ協奏曲 第2番	サン・サーンスは5曲のピアノ協奏曲を残しましたが、そのうち第2番はビゼーにより独奏用に編曲されています。超絶技巧が要求される編曲です。	https://youtu.be/Mvau-Q5EYUM
サン・サーンス=リスト	死の舞踏	もとは交響詩で、0時の鐘とともに骸骨が踊り始め、夜明けと共に再び静寂に包まれる様子を描写的に描いた作品です。リストのオリジナル作品の「死の舞踏」とは別の作品。	https://youtu.be/z1MNqbPf_kU
サン=サーンス	アレグロ・アパッショナート	サン=サーンスのピアノ作品の中でおそらく最も有名な作品。コンクールのために書かれたという経緯もあってか、演奏効果の高い作品です。	https://youtu.be/rjagKCfhME0
サン=サーンス	第5協奏曲のフィナーレによるトッカータ	自身のピアノ協奏曲第5番のフィナーレに基づくトッカータ。6つの練習曲Op.111の第6曲にあたる曲です。派手で演奏効果が高そうです。	https://youtu.be/N8V2LHgDvfg
サンカン	トッカータ	フランスの作曲家、ピエール・サンカンの作品。ちなみにサンカンの本業はピアニストだったので、作品数はあまり多くはありません。推進力に満ちた、非常にカッコいい作品です。	https://youtu.be/wKMC9MydlYI
シェヒター	トルクメニスタン	ロシアの作曲家、シェヒターの作品。トルクメニスタンとは中央アジアの国の名前です。この作品は、非常に民族的な作風の3曲からなる組曲で、演奏効果も非常に高いです。	https://youtu.be/nh0cJ-93vX4
ジェフスキー	ウィンズボロ綿工場のブルース	「ノース・アメリカン・バラード」という曲集の最後の1曲。鋼鉄のような硬さと推進力に満ちた作品です。曲名通り、途中からはブルースが登場します。	https://youtu.be/uDNy4YuCxdk
ジェフスキー	「不屈の民」変奏曲	チリの革命歌をもとに作られた長大な変奏曲です。全て弾くと50分ほどになるため、抜粋で演奏されることもしばしば。アムランの抜粋での演奏を紹介しておきます。	https://youtu.be/_OBeb694QII
シサスク	銀河巡礼 第1集 「北半球の星空」	エストニアの作曲家、シサスクは星をテーマにした作品を多く作曲しました。この組曲は星座を曲名に冠する29曲からなります。抜粋での演奏をご紹介します。	https://youtu.be/eBwDtx1evyU
シチェドリン	バッソ・オスティナート 	シチェドリンは、旧ソ連で指導的な立場にあった作曲家の一人です。曲のほぼ全体を通して同じ音形で一貫する左手と、鋼鉄のような不協和音が強烈な曲です。	https://youtu.be/TLw1CHmEAKg
シチェドリン	フモレスケ	旧ソ連の作曲家、シチェドリンの作品。3分足らずの小品ですが、可愛らしい雰囲気になったり、かと思えば爆音を鳴らしたりと、ユーモアに富んだ作品です。	https://youtu.be/e-3Q0nPvGhw
シトハレンコ	3つの絵画的練習曲	ソ連の作曲家、シトハレンコの作品。共産党を称える内容の作品も多いですが、この作品はラフマニノフやプロコフィエフなどの影響を感じられる、技巧的な作品です。	https://youtu.be/jT8W9dhBQE0
シベリウス	樹の組曲	5曲からなる組曲ですが、第5曲の「樅の樹」しか聴いたことがない人は多いはず。確かに「樅の樹」は本当に素晴らしい作品ですが。他の曲もぜひ聴いてみてください。	https://youtu.be/kjfVIG9VplA
シベリウス	カプリス Op.24-3	「10の小品」Op.24の第3曲。アルペジオや和音連打を駆使して、鍵盤上を自由自在に駆け回ります。中間部はシベリウスらしい美しさがあります。	https://youtu.be/XviWQrAaonQ
シベリウス	ピアノソナタ	シベリウスが作曲した唯一のソナタで、初期の作品。あまり評価されておらず、実際出来は微妙ですが、この曲が持つ素朴な雰囲気には、どこか人を惹きつけるものがあります。	https://youtu.be/YsDYvoyFJdE
シマノフスキ	幻想曲	あまり有名ではありませんが、謎の魅力があるように感じる作品です。過渡期的な時期に書かれた作品で、3つの部分から構成される、非常に規模の大きな作品です。	https://youtu.be/8rDJSDRH2cQ
シマノフスキ	4つの練習曲	シマノフスキは生涯を通してその作風を大きく変化させましたが、初期に書かれたこの作品はスクリャービンやショパンに近い雰囲気を持ちます。感傷的な第3番が人気です。	https://youtu.be/hsEdX5onsDg
シマノフスキ	仮面	「シェヘラザード」「道化タントリス」「ドンファンのセレナーデ」の3曲からなる組曲です。和声感が非常に特徴的で、「メトープ」と並ぶ中期のシマノフスキの代表作です。	https://youtu.be/UWTSRfct-zA
シマノフスキ	メトープ	「セイレーンの島」「カリュプソ」「ナウシカァ」の3曲からなる組曲。これらの曲名は「オデュッセイア」に登場する女性の名前が由来。非常に物語性が強い、描写的な作品です。	https://youtu.be/RBKQ1w-VqSw
シャブリエ	気まぐれなブーレ	フランスの作曲家、シャブリエの最後に出版されたピアノ曲。連打が多用された、演奏効果の高い作品。ちなみにブーレというのは舞曲の名前で、急速な2拍子が特徴です。	https://youtu.be/MHIaoZTDcpw
シャミナーデ	ピアノソナタ	練習曲「秋」や「主題と演奏」などの小品で有名なフランスの女性作曲家、シャミナーデの作品の中では比較的規模の大きな作品。かなりピアニスティックな作品です。	https://youtu.be/Tg3Sa7oppis
シャミナーデ	悲愴的練習曲	シャミナーデは演奏効果の高いピアノ作品を多く残していますが、その中でもとりわけ、激しい曲想を持つ作品です。練習曲の名の通り、技巧的にも簡単ではなさそうです。	https://youtu.be/rekMz2uR6CA
シャミナーデ	ユーモラスな練習曲	フランスの女性作曲家、シャミナーデはピアノのための練習曲をいくつも残しています。この曲は、シャミナーデらしい、アルペジオを駆使した非常に華麗な作品です。	https://youtu.be/lUm9NANcNv4
シャミナーデ	主題と変奏	フランスのロマン派の女性作曲家、シャミナーデの代表作の一つ。「主題と変奏」は、屈託のない明るさが魅力的な、とても美しい作品です。	https://youtu.be/J12Tt9mJkMg
シャミナーデ	秋	6つの練習曲Op.35の第2曲。シャミナーデのピアノ作品の中では最も有名かと思われます。全体的には穏やかな曲ですが、中間部はかなり激情的で技巧的です。	https://youtu.be/PMbmGd8afWs
シャルヴェンカ	ピアノ協奏曲 第3番	シャルヴェンカはポーランド系ドイツ人の作曲家で、ピアニストとしても活躍しました。この作品は、交響的な響きと技巧的なピアノ独奏が特徴的な作品です。	https://youtu.be/HFU3JBrZm2c
シューベルト	楽興の時	「楽興の時」というとラフマニノフの方が圧倒的に有名ですが、タイトルの由来となったのはシューベルトの同じく6曲からなる同名の作品。特に有名な第3番の動画を紹介します。	https://youtu.be/Wq5Ks3_r6f0
シューベルト	即興曲 Op.90-3	シューベルトが作曲した8曲の即興曲の中でも特に人気の高い作品の一つ。全体を通して夢想的な曲想が特徴的。これほど美しい作品は、探しても中々ないでしょう。	https://youtu.be/w_z9oSn-eIM
シューベルト	ピアノソナタ第13番	3楽章からなる、シューベルトのソナタの中では比較的小規模なソナタ。全体的に優しく可愛らしい雰囲気で、彼のソナタの中ではおそらく最も親しまれています。	https://youtu.be/0SZ5KqDEnwU
シューベルト=リスト	連祷	シューベルトらしい穏やかでとても美しい歌曲を、リストは無駄のないピアノ編曲にしました。歌詞には、世を去った全ての人への追悼の思いが込められています。	https://youtu.be/GFdT_lcAUfQ
シューベルト=リスト	アヴェ・マリア	誰もが知っていると思われる名曲を、リストがピアノ用に編曲したものです。原曲の神聖で美しい雰囲気は壊さず、それでいてピアニスティックに仕上げられています。	https://youtu.be/UjVRwPNxVqk
シューベルト=リスト	「白鳥の歌」より「セレナーデ」	「白鳥の歌」はシューベルトの最晩年の歌曲集で、特に根強い人気を誇るのが、第7曲「セレナーデ」です。暗く絶望的でありながらも美しい作品です。	https://youtu.be/fKjrJ6SjkqE
シューマン	暁の歌	シューマン最晩年の作品で、自殺未遂の5ヶ月前に書かれました。5曲からなる組曲で、シューマン自身の言葉を借りると「夜明けに感じることを描写した作品」だそうです。	https://youtu.be/W6r3R2pCPeA
シューマン	ピアノソナタ第3番	初版の題名は「管弦楽のない協奏曲」で、「グランド・ソナタ」という通称で呼ばれることもある作品。その名の通り、ピアノ独奏とは思えような聴きごたえがあります。	https://youtu.be/EClZICLRxrE
シューマン	月夜	「リーダークライス」という12曲からなる歌曲集の第5曲のピアノ独奏版です。原曲はシューマンの歌曲の中でも特に人気のあるものの一つ。幻想的な雰囲気の、とても美しい作品です。	https://youtu.be/5Lh-S7n5rA0
シューマン	トッカータ	初期に書かれた作品で、高度な技巧が要求されます。無窮動的な性格は、後に様々な作曲家によって作曲された「トッカータ」の先駆けとなった、とも言われています。	https://youtu.be/44LSJapMogk
シューマン	幻想曲	シューマンの初期の傑作のひとつ。3楽章からなる、ピアノソナタと同程度の規模を持つ作品です。リストに献呈され、リストはお返しとして「ピアノソナタ」を献呈したそうです。	https://youtu.be/scavxcPLKy4
シューマン	ウィーンの謝肉祭の道化	ウィーンに半年間滞在した経験に触発されて書かれた、「幻想的絵画」という副題も持つ組曲。特に第1曲「アレグロ」や第5曲「終曲」はよく演奏されます。	https://youtu.be/LSEqsEuaAAw
シューマン	花の曲	この時期のシューマンの作品の中では知名度が低いですが、穏やかでとても美しい、知られざる名曲です。妻のクララはこの曲をたいへん気に入っていたと伝えられています。	https://youtu.be/CCXGawpeG6s
シューマン	アラベスク	シューマンの作品は組曲などが多いですが、この曲は一曲だけで出版されました。他の作品などに見られるような技巧的な見せ所などはないですが、素朴な優しさが心に沁み入る一曲です。	https://youtu.be/KyJrxS82C4g
シューマン	アベッグ変奏曲	シューマンの作曲家としての第1作ですが、非常にクオリティーは高いです。ABEGG(ラーシ♭ーミーソーソー)の主題による変奏曲です。非常に華麗な作品です。	https://youtu.be/81WW9yMUS1k
シューマン	天使の主題による変奏曲(主題と変奏)	シューマンが作曲した最後の作品。当時、病に身を冒されていたシューマンは、この曲を完成させるや否や、入水自殺を図ったと伝えられています。	https://youtu.be/6vm4XiiNSdU
シューマン	プレスト・パッショナート	当初はピアノソナタ第2番の第4楽章として作曲された曲。難しすぎたことや妻のクララの反応が良くなかったことなどが理由で、別の曲に差し替えられました。	https://youtu.be/5-yFcxynzXg
シューマン=リスト	献呈	リストの編曲作品の中でも、特に人気のある一曲。原曲の雰囲気を損なわずにピアニスティックに編曲された傑作ですが、シューマンはこの編曲を気に入らなかったと言われています。	https://youtu.be/HEpIBMqS7sI
シュルツ=エブラー	「美しき青きドナウ」によるアラベスク	ヨハン・シュトラウスの代表作、「美しき青きドナウ」に、非常に華麗な編曲を施したもの。ちなみにドナウ川は実は汚い川だそうです...	 https://youtu.be/-PaCWKKjIFk
シュルホフ	ジャズの舞踏組曲	シュルホフは近年になって再評価が進んでいる作曲家の一人です。この曲は6曲からなる組曲で、カプースチンなどのジャズ系が好きな人には特にオススメしたい作品です。	https://youtu.be/lvzpUGUQBto
シュルホフ	5つのピトレスク 第3曲	楽譜が休符と顔文字だけで書かれた衝撃的な曲。この組曲の他の4曲が普通の曲なだけに、なおさら面白いです。衝撃の演奏動画はこちら(↓)	https://youtu.be/3c5lRRaW4Jw
ジョージ・ウィンストン	Rain	ジョージ・ウィンストンはニューエイジ、ヒーリングといったジャンルに分類されるアメリカのピアニストです。自然風景を取り入れたような作品が多いのが特徴です。	https://youtu.be/BLNuW1oGcjo
ショスタコーヴィチ	24の前奏曲とフーガ	曲名からも伺える通り、バッハの平均律クラヴィーア曲集へのオマージュとして作曲されました。中の人が特に好きな、第4番を紹介します。	https://youtu.be/D3LZ79VfZ08
ショスタコーヴィチ	ピアノソナタ第2番	古典的な3楽章形式で書かれており、新古典主義的な傾向が見て取れます。難解なピアノソナタ第1番と比べれば聴きやすく、演奏の機会も多い作品です。	https://youtu.be/hfT5I-fbqMs
ショスタコーヴィチ	3つの幻想的舞曲	ショスタコーヴィチがまだ学生だった頃の作品です。様々な編曲で親しまれ、ショスタコーヴィチ自身も愛奏したそうです。3曲で4分ほどと演奏時間は短めです。	https://youtu.be/nFOlDnVQVPs
ショスタコーヴィチ	2台のピアノのためのコンチェルティーノ	交響曲第10番と第11番の間に作曲された、ロシア的な民族的情緒に満ちた作品です。派手で演奏効果もかなり高いです。	https://youtu.be/5w32a0TYhkk
ショパン	ポロネーズ第13番	ショパンのポロネーズは第8番以降は、初期に書かれた遺作です。第6番「英雄」や第7番「幻想」など円熟期の作品には劣りますが、シンプルな美しさがあります。	https://youtu.be/9fCKIto-pn8
ショパン	夜想曲 第18番	第17番とともに、生前最後に出版された夜想曲であり、夜想曲の最高傑作の一つと言える作品です。穏やかでありながら、晩年に書かれただけあって味わい深い作品です。	https://youtu.be/eoVFmbXiQxo
ショパン	エチュード Op.10-4	全部で24曲あるエチュードのうち、副題がない曲の中では圧倒的な人気を誇る作品。海外ではTorrent(激流)という愛称で呼ばれることも。	https://youtu.be/mUVCGsWhwHU
ショパン	夜想曲 第13番	有名な第2番や第20番には知名度では負けますが、非常に完成度の高い傑作です。オクターブ連打や和音連打が効果的に使われ、夜想曲の中では男性的で力強い作品です。	https://youtu.be/fck-EoNcFyg
ショパン	アンダンテ・スピアナートと華麗なる大ポロネーズ	2つの部分からなる、比較的大規模な作品。後半のポロネーズは、元々はピアノと管弦楽のための作品であり、高度な技巧が要求されます。	https://youtu.be/AO6k_ipgEsI
ショパン	革命のエチュード	ショパンのエチュードの中でも特に人気のある作品。曲名はショパン自身によるものではありませんが、失敗に終わったポーランドの反乱と関連している、という説もあります。	https://youtu.be/Mk1JQk90UbY
ショパン	ピアノソナタ第1番	ショパンが作曲した3曲のピアノソナタのうち、ダントツに知名度も人気も低い作品。実際ショパンらしくはないですが、興味深い作品であるのもまた事実です。	https://youtu.be/vL-NDDI4BfE
ショパン	タランテラ	タランテラはイタリアを起源とする、急速なテンポが特徴的な舞曲です。ショパンの作品の中では話題に上ることは比較的少ないですが、隠れた名作だと思います。	https://youtu.be/jzC1kUWLJc4
ショパン	24の前奏曲	太田胃散のCMで有名な第7番や第15番「雨だれ」だけが一人歩きしている本作。他の曲も素晴らしいのですが、全曲聴いたことがある人は、意外と少ないのではないでしょうか？	https://youtu.be/SqXYIteAfNs
ショパン	ポロネーズ第5番	第6番「英雄」や第7番「幻想」の影に隠れて存在感が薄い本作ですが、規模が大きく地味に人気がある作品でもあります。海外では「悲劇的」の愛称で親しまれています。	https://youtu.be/pTSbTCPL8Uk
ショパン	バラード第1番	物語性が強く劇的な展開が特徴的な作品です。それまでのショパンの作品と比べても特異な作品であり、他の多くの作曲家も影響を受けて「バラード」を作曲しました。	https://youtu.be/taY5oHleS4I
ショパン	バラード第3番	4曲あるバラードの中では最も穏やかで、人気もある作品。ミツケヴィチの詩をもとに作曲されたという話もありますが、詳細は不明だそうです。	https://youtu.be/BkPLDoZXlHQ
ショパン	バラード第4番	円熟期の作品で、ショパンの作曲技法の良いところを全て詰め込んだかのような作品です。ミツケヴィチという詩人の詩を元にしているとも言われ、非常に物語性が強い作品です。	https://youtu.be/pe-GrRQz8pk
ショパン	幻想曲	バラードなどと同じく、ソナタ形式を基調とした形式で書かれた、大規模な作品です。合唱曲「雪の降るまちを」でこの曲の序奏のメロディーが使われていることなどでも有名です。	https://youtu.be/rhIuclUqaQE
ショパン	子守唄	後期に書かれた小品。曲全体を通して左手は変化せず、右手の変奏のみによって曲が展開されています。ショパンの変奏の技法の全てが詰め込まれていると言っても過言ではないでしょう。	https://youtu.be/v1CXY5NHvms
ショパン	「スイスの少年」による変奏曲	ドイツ民謡「スイスの少年」の主題による変奏曲。遺作として出版された最初期の作品ですが、ショパンらしい個性に溢れた、華やかで可愛らしい作品です。	https://youtu.be/MejFvEwudDk
ショパン	前奏曲 Op.45	ショパンの前奏曲というと24の前奏曲が有名ですが、実はそれ以外にも前奏曲を書いています。演奏時間も5分ほどと他の前奏曲よりは長く、比較的よく演奏されます。	https://youtu.be/xI891E7xuPo
ショパン	舟歌	ショパン晩年の傑作の一つ。幸福感に満ちた優美な作品であると同時に、非常に奥深い作品でもあります。	https://youtu.be/alaLgb0zABs
ショパン=ゴドフスキー	練習曲「木枯らし」	あの「木枯らしのエチュード」を、ゴドフスキーがさらに難しくしたもの。ただでさえ難しい曲がさらにパワーアップして、すごいことになっています。	https://youtu.be/Z6AQF1nu-gg
ショパン=ゴドフスキー	革命のエチュード	ゴドフスキーはショパンのエチュードによる53の練習曲というものを作っており、その一曲にあたります。あの革命のエチュードがなんと左手一本で演奏されます。	https://youtu.be/LuEa1XLEVSw
ショパン=ゴドフスキー	エチュード Op.10-6	ショパンのエチュードの中では無名ながら、暗くも美しいメロディーが心に響く一曲。ゴドフスキーによる左手独奏のための編曲は、この作品の魅力をさらに高めるものです。	https://youtu.be/ZwYvSJYD2U8
ショパン=ゴドフスキー	別れのワルツ	ゴドフスキーはショパンのワルツをいくつか編曲しています。中でも「別れのワルツ」は原曲の雰囲気を損なわず、対位法を駆使した緻密な編曲がされています。	https://youtu.be/4Zs21Ud-FMg
ショパン=ドライショク	革命のエチュード	革命のエチュードの左手を全てオクターブで演奏するという、もはや何を思って編曲したのかわからない編曲。弾く人もすごいですね。	https://youtu.be/oL8neEJGAcw
ショパン=ピアニート公爵	ソナタ第3番フィナーレと『巨人の星』主題歌による交響的融合	ソナタ第3番の終楽章と巨人の星を同時に弾くという曲です。ミスマッチな感がある2曲が、うまく融合しています。	https://youtu.be/zyjZ0tk3Aw8
ショパン=レーガー	ワルツ 第7番	「ショパンによる5つの特別練習曲」の第5曲。ショパンのワルツの中でも特に人気のある名曲を、レーガーがさまざまな技法を駆使して編曲したもの。	https://youtu.be/owc46q91V9o
ショパン=ローゼンタール	子犬のワルツ	あの有名な「子犬のワルツ」の編曲。原曲の可愛らしい雰囲気はそのままに、かなり技巧的な編曲がなされています。テクニックに自信のある人はぜひ挑戦してみては？	https://youtu.be/BBEcaHbhFuY
ジョン・ケージ	4分33秒	言わずと知れた、4分33秒の間、何もしないだけの作品。実は全3楽章からなります。探してみると、意外に演奏動画がたくさんあるのが面白いです。	https://youtu.be/gN2zcLBr_VM
ジョン・ケージ	バッカナール	4分33秒などで有名な現代作曲家、ジョン・ケージの作品。ピアノの弦に物を挟んだりして演奏する作品です。ピアノを壊したくない人は、絶対に真似しないでくださいね。	https://youtu.be/SwJLGUgs1jc
ジョンゲン	2つの小品	ベルギーの作曲家、ジョゼフ・ジョンゲンの作品。「月の光」「昼の太陽」の2曲からなり、ドビュッシーやアイアランドの作品に近い雰囲気があります。	https://youtu.be/KNTxhXTrDl0
シンディング	春のささやき	ノルウェーの作曲家、シンディングの作品の中で、おそらく最も有名な作品。アルペジオなどを駆使した華麗な作品ですが、見た目に反して意外と弾きやすいそうです。	https://youtu.be/9Yrzu9U3qB4
スヴィリドフ	「吹雪」より「ロマンス」	「吹雪」は、プーシキンの恋愛小説「吹雪」による映画をもとにした、8曲からなる組曲。第4曲の「ロマンス」は特に人気で、ピアノ編曲版もよく演奏されます。	https://youtu.be/CTaX39rgz0Q
スヴェインビョルンソン	ヴィキヴァキ	スヴェインビョルンソンはアイスランドの作曲家で、国内では国歌を作曲したことでも有名です。ヴィキヴァキとは、アイスランドの伝統的な舞曲の名前だそうです。	https://youtu.be/VwrjQ3qWqMQ
スーサ=ホロヴィッツ	星条旗よ永遠なれ	アメリカの公式行進曲とされている「星条旗よ永遠なれ」をホロヴィッツがピアノ編曲したもの。なお、アメリカ国歌の「星条旗」はこの曲とは別物です。	https://youtu.be/TxO9k53IsMU
スカルラッティ	ソナタ K.141	スカルラッティはバロックを代表する作曲家の一人で、555曲ものソナタを書いています。この作品は、連打を多用していることで有名な作品です。	https://youtu.be/Gh9WX7TKfkI
スクリャービン	24の前奏曲	初期に書かれた大作で、同名のショパンの作品との関連を伺わせます。第11曲(ロ長調)が特に人気ですが、ここでは第14曲(変ホ短調)を紹介したいと思います。	https://youtu.be/cCuhJ2cvodU
スクリャービン	ポロネーズ	スクリャービンが作曲した唯一のポロネーズ。あまり評価は高くないですが、悲劇的でありながらもハッとさせられるような美しさを持つ、彼にしか書けない作品だと思います。	https://youtu.be/6jTi3DG7NHM
スクリャービン	ピアノソナタ第2番	「幻想ソナタ」という副題でも知られる初期の傑作。静-動の対比が見事な全2楽章からなります。作曲者によると、黒海の印象に触発されて書かれた曲だそうです。	https://youtu.be/uhYh58bbPyk
スクリャービン	2台のピアノのための「幻想曲」	ピアノ独奏のための「幻想曲」と比べると影は薄いですが、非常に流麗で美しい作品です。最初期の作品ですが、遺作として出版されました。	https://youtu.be/Hx5Qoh_VItQ
スクリャービン	ピアノ協奏曲	スクリャービンが作曲した唯一のピアノ協奏曲で、全3楽章からなる作品。初期の作品のため、ショパンに似ているとも言われますが、彼の個性は遺憾なく発揮されています。	https://youtu.be/F734PyD3NAw
スクリャービン	2つの詩曲 Op.32	スクリャービンが多く作曲した詩曲の中で、おそらく最も人気のあります。2曲は緩-急の関係をなし、スクリャービンらしい特徴的な和声が非常に美しいです。	https://youtu.be/7XoPAdPGNck
スクリャービン	エチュード Op.42-5	少し調性を離脱したような和声と、非常に美しいメロディーが魅力的な作品です。エチュードOp.8-12と並び、非常に根強い人気がある作品です。	https://youtu.be/NWitVFCLI5g
スクリャービン	幻想曲	ピアノソナタ第3番と第4番の間に作曲された、ソナタ形式による作品です。現在では非常に人気がありますが、スクリャービン本人はこの曲を書いたことを忘れていたそうです。	https://youtu.be/qxeGu-RKC-Q
スクリャービン	詩曲 Op.41	スクリャービンは「詩曲」という題名の曲を何曲も作曲しました。作品41は、その中では比較的よく演奏される曲です。中期の作品らしい、曖昧な調性感が魅力的です。	https://youtu.be/d7rjlW2piKo
スクリャービン	エチュード Op.8-12	12の練習曲Op.8の最後の曲にあたり、おそらくスクリャービンの作品の中で最も有名です。「悲愴」という愛称でも知られる、激情的な曲です。	https://youtu.be/KmdGbUzv4SM
スクリャービン	ピアノソナタ第4番	全体的に夢想的な雰囲気を持つ、スクリャービンの個性が遺憾なく発揮された傑作です。ちなみに、全10曲あるピアノソナタのうち、唯一長調で書かれています。	https://youtu.be/lQabCdxJ6DM
スクリャービン	ピアノソナタ第5番	スクリャービンの中期の傑作であり、数々のピアニストが名演を残しています。楽譜の冒頭に、怪しげな内容の詩がロシア語とフランス語で書かれています。	https://youtu.be/xDTgj_69JKA
スクリャービン	夜想曲 Op.9-2	左手独奏のための夜想曲。初期のスクリャービンらしい、ロシア的なロマンチズムに溢れた曲。偶然ですが、あのショパンの最も有名な夜想曲と作品番号が同じです。	https://youtu.be/j_WXBy-S9_c
スクリャービン	詩曲「焔に向かって」	最晩年の作品で、スクリャービンが好んだ「神秘和音」が曲全体を通して多用されています。世界が滅亡の炎に包まれる様を描いた、なんて話もあります。	https://youtu.be/A0nrg7Lqfak
スクリャービン	悪魔的詩曲	中期の作品で、スクリャービンらしい個性に満ちた作品です。調性は曖昧であり、どこか蠱惑的な魅力がある作品です。まさに「悪魔的」な感じがします。	https://youtu.be/EfggmQFaRi0
スクリャービン	悲劇的詩曲	「悲劇的」というタイトルから想像されるのとは真逆に、派手で楽しそうな曲です。これのどこが「悲劇」なのかわかりませんが、何か深い意図があるのでしょう。	https://youtu.be/nyqq89BZcN0
スクリャービン=シミロ	エチュード Op.42-5	ただでさえ音の多い曲が左手独奏に編曲されており、普通の人に弾けるようなものではありません。しかし、左手だけとは思えない豊かな響きは見事で、一聴の価値ありです。	https://youtu.be/jHfVD7TfZhc
スケルトン	「ジョニーが凱旋するとき」による変奏曲	アメリカで南北戦争の頃に人気になったとされる民謡の主題による変奏曲。原曲は今でも人気があり、映画などでもよく使われるようです。	https://youtu.be/OQTgDAySW68
スコット	蓮の国	イギリスを代表する作曲家の一人にして、「イギリスのドビュッシー」とも呼ばれたシリル・スコットの代表作。少しけだるい雰囲気と、東洋的な旋律が印象的な作品です。	https://youtu.be/DoqDR5Zvu_M
スタンチンスキー	夜想曲	わずか26歳にして亡くなったロシアの作曲家、スタンチンスキーの作品。穏やかで非常に美しい作品ですが、中間部は急速で激情的になり、聴きごたえがあります。	https://youtu.be/Fvgscojv6I4
スッカリ	サマー	シリアを代表する作曲家、ディア・スッカリの作品、「シリア組曲」の第2曲。10拍子で書かれており、民族的な拍子とメロディーが特徴的な、非常に流麗な作品です。	https://youtu.be/eauo4FPWYTc
スッカリ	運命の夜	シリアの作曲家、ディア・スッカリの作品。彼の作品についての情報は多くはありませんが、全般的に、濃い民族色と近代的な和声が融合した素敵な作品が多いように感じます。	https://youtu.be/QoR4LzDI-AI
ステンハンマル	幻想曲第1番	ステンハンマルはスウェーデンの作曲家で、おそらくピアノ作品ではこの曲が最も有名です。ドイツロマン派のような音の運びが勇ましい、非常に激情的な曲です。	https://youtu.be/keSoGQFHiqc
ストラヴィンスキー	タンゴ	南米の舞曲であるタンゴを、ロシアの作曲家であるストラヴィンスキーが書いているのは少し驚きですが、南米のタンゴだと言われても信じてしまうような素晴らしい出来です。	https://youtu.be/cExremBkRPU
ストラヴィンスキー	「ペトルーシュカ」からの3楽章	バレエ「ペトルーシュカ」の作曲者による編曲。「ロシアの踊り」「ペトルーシュカの部屋」「謝肉祭」からなり、極端に難しいことでも有名です。	https://youtu.be/AqwDDseeeGs
ストラヴィンスキー=アゴスティ	火の鳥	「魔王の踊り」「子守唄」「フィナーレ」の3曲が連続して演奏されます。この曲を聴くとオーケストラ版が物足りなく感じてしまうほどの、物凄い編曲です。	https://youtu.be/3BZseuH0-0I
スメタナ	演奏会用エチュード ハ長調	「わが祖国」などで有名なスメタナのエチュード。なかなか派手な作品です。ちなみにスメタナのピアノ作品は、ピアノ作品集が出版されるほど多かったりします。	https://youtu.be/nSDPFC_dvQU
スメタナ	エチュード「海辺にて」	交響詩「わが祖国」などで有名なスメタナですが、意外にもピアノ曲をたくさん残しています。この曲は、非常にピアニスティックで演奏効果の高い作品です。	https://youtu.be/G8JUdRgIczU
スメタナ=福間洸太朗	モルダウ	スメタナの代表作、連作交響詩「我が祖国」からの1曲。カーン=アルベストという作曲家も編曲しているので、比較してみるのも面白いかもしれません。	https://youtu.be/DeNaA8xtdKo
スラヴィツキ	トッカータ	チェコの作曲家、スラヴィツキの作品。トッカータというタイトルに相応しい、交互連打の奏法を多用した、演奏効果の非常に高い作品です。少し現代的な和声も面白いです。	https://youtu.be/es4bDlN6OEg
セヴラック	ポンパドゥール夫人へのスタンス	スタンスとは「詩の一節」という意味です。セヴラックの作品の中では有名ではないですが、どこか懐かしさを感じるような、穏やかで美しい名曲です。	https://youtu.be/5ut7cHw1vvo
セヴラック	日向で沐浴する乙女たち	セヴラックの作品は組曲という形で出版されたものが多いですが、この曲は単独で出版されました。印象派的な作風の曲で、和音の移り変わりがとても素敵な曲です。	https://youtu.be/wqcbzM7EycE
セヴラック	水の精と不謹慎な牧神	「日向で沐浴する乙女たち」が昼の情景を描いたのとは対照的に、こちらは「夜のダンス」という副題が付けられています。美しい響きが特徴的な作品です。	https://youtu.be/Ec_Tq2tphpI
セヴラック	ショパンの泉	「休暇の日々から」という曲集の1曲。曲名通りショパンの作風を意識したような流麗な3拍子のワルツですが、セヴラック自身の色も感じることができる作品です。	https://youtu.be/z6VyHE3seo8
セーヴェルー	抵抗のバラード	セーヴェルーはノルウェーを代表する作曲家の一人。ナチスの侵略に対する怒りから生まれた曲だと言われています。シンプルでありながら力強い意志を感じる曲です。	https://youtu.be/M4gjcIfaTQ4
ゼッキーニ	ナオウリ	マキシム・ゼッキーニが作曲した左手独奏のための作品。左手一本で演奏する分、ペダルの効果を最大限活かした、美しい響きの作品です。	https://youtu.be/qYluzyDMem4
セブラック	ロマンチックなワルツ	セブラックは近代フランスの作曲家の一人です。この曲は、「休暇の日々から」という組曲の1曲。流れるような、美しい旋律が素敵な作品です。	https://youtu.be/SwOssMvCPzI
タイチェヴィチ	7つのバルカン舞曲	セルビアの作曲家、マルコ・タイチェヴィチの代表作の一つ。独特な旋法に基づくメロディが非常に印象的な作品。全体的には陰鬱ですが、派手な要素もあります。	https://youtu.be/uiy1H-9-a9I
タウジッヒ	バラード「幽霊船」	タウジッヒはポーランドの作曲家で、夭折したため作品数は非常に少ないですが、この「バラード」は技巧的で物語性が強く、人気のある作品です。	https://youtu.be/jbGHoPttwhQ
タクタキシヴィリ	詩曲	ジョージア(旧グルジア)を代表する作曲家、タクタキシヴィリの作品。少し陰りのある美しさが魅力的な作品。中間部では、タクタキシヴィリらしい技巧的な要素も見られます。	https://youtu.be/KZu6HxNADcg
タネーエフ	前奏曲とフーガ	スクリャービンやラフマニノフ、メトネルの師匠としても知られるタネーエフの作品。ピアノ作品の中では最も有名で、対位法を得意とした彼らしい魅力の詰まった作品です。	https://youtu.be/0XOXpWnqXlQ
ダマーズ	序奏とアレグロ	フランスの現代作曲家、ジャン＝ミシェル・ダマーズの作品。ロン＝ティボー国際コンクールの課題曲として書かれた、軽妙洒脱な作品です。	https://youtu.be/eUGnsX9sRrA
ダマーズ	幻影	フランスの作曲家、ジャン＝ミシェル・ダマーズの作品。美しい旋律と独特の和声感が特徴的な作品です。曲名は「出現」などと訳されることもあります。	https://youtu.be/DjEQBNIKvKY
タレガ=ペンソン	アルハンブラ宮殿の思い出	スペインのギター音楽を代表する作品を、カロル・ペンソンという物理学者が編曲したもの。ギターのトレモロがそのままピアノの連打に移し替えられています。	https://youtu.be/WJR9TS789fM
タンスマン	3つのブルース風の前奏曲	タンスマンはポーランドで生まれ、パリで活躍した作曲家で、非常に多作なことでも知られています。ブルース好きの人にはぜひオススメしたい作品です。	https://youtu.be/greLNuDzU_0
タンスマン	大西洋横断ソナチネ	3楽章からなる、ジャズ風の雰囲気の作品。ダンスのような軽いノリが楽しい作品です。2台ピアノ版や管弦楽版もあります。	https://youtu.be/OoF4FcmmIUs
チェイシンズ	香港のラッシュアワー	「3つの中国の小品」という作品の第3曲。1分半ほどと短いですが、速弾きや左右の交互連打を多用した、演奏効果の非常に高い作品です。	https://youtu.be/sGoMMOPPQiE
チック・コリア	スペイン	ジャズを代表する曲の一つで、様々な楽器編成で演奏されます。動画は作曲者本人と、日本を代表するジャズピアニストである上原ひろみによる2台ピアノでの演奏です。	https://youtu.be/BRU1o-sCnqY
チャイコフスキー	ピアノ協奏曲 第3番	第1番が圧倒的に有名ですが、実はチャイコフスキーはピアノ協奏曲を3曲作曲しています。未完に終わったため第1楽章のみの作品ですが、魅力的な作品です。	https://youtu.be/xN2YkENaoJ0
チャイコフスキー	瞑想	チャイコフスキーの最晩年の小品集、18の小品の第5曲。非常に甘美な曲想を持つ曲で、曲集中、最も人気があります。アンコール・ピースとして、たびたび演奏されるようです。	https://youtu.be/ouuQdKepA_s
チャイコフスキー	ピアノ協奏曲 第2番	第1番に比べて圧倒的に知名度は低いですが、チャイコフスキーらしい魅力の詰まった作品だと思います。スケールも大きく、非常に聴き応えのある作品です。	https://youtu.be/RJAZW148gHc
チャイコフスキー	四季	1月から12月の12曲からなる作品。6月「舟歌」がよく弾かれますが、地味に人気のある10月「秋の歌」の動画を紹介したいと思います。非常に秋らしい雰囲気の作品です。	https://youtu.be/9cWJsU6UBf4
チャイコフスキー	ドゥムカ	「ロシアの農村風景」という副題も持ち、まさに副題通りの曲想であるように思われる作品です。チャイコフスキーのピアノ作品の中では比較的よく演奏されます。	https://youtu.be/rh4aImEYpt8
チャイコフスキー	ピアノソナタ Op.80	チャイコフスキーが作曲した2曲のピアノソナタのうち、圧倒的に知名度が低い方。マイナーながら、そこそこ魅力的な作品だと思います。	https://youtu.be/CNPJbcHXWtg
チャイコフスキー	ピアノソナタ ト長調	4楽章からなる、古典的な形式のピアノソナタです。チャイコフスキーのピアノ作品の中で最も大規模な作品で、「グランド・ソナタ」と呼ばれることもあります。	https://youtu.be/oU7cE6qDGxE
チャイコフスキー	哀歌	「18の小品」という、最晩年に書かれた小品集の第14曲。翳りと優しさのある旋律の裏側に、自らの死を知っていたかのような諦念を感じさせられる曲です。	https://youtu.be/H40zglJWUSc
チャイコフスキー=ヴォロドス	嵐の中の子守唄	チャイコフスキーの歌曲をヴォロドスがピアノ独奏に編曲したもの。ヴォロドスというと超絶技巧のイメージも強いですが、非常に歌心のある名編曲となっています。	https://youtu.be/zNDNH8z3Q2w
チャイコフスキー=グレインジャー	ピアノ協奏曲第1番	誰もが知る名曲、チャイコフスキーのピアノ協奏曲第1番のピアノ独奏版。原曲は全3楽章、40分ほどありますが、3分ほどに編曲されています。	https://youtu.be/L-zJ78mOFeI
チャイコフスキー=グレインジャー	花のワルツ	くるみ割り人形の中でも特に人気のある「花のワルツ」のピアノ版。オーケストラに勝るとも劣らぬほどの派手さがあり、グレインジャーらしい編曲です。	https://youtu.be/_zpD3_vnMEI
チャイコフスキー=パブスト	眠れる森の美女	バレエ「眠れる森の美女」のワルツの主題を中心にして、非常にピアニスティックに編曲されています。派手なだけでなく、非常に美しい作品に仕上がっています。	https://youtu.be/cd7U1EEFAaU
チャイコフスキー=フェインベルク	交響曲第6番	前衛的な構成で知られる、最後の大作となった「悲愴交響曲」の第3楽章がピアノ編曲されたもの。シンプルでありながら非常に技巧的な編曲です。	https://youtu.be/FIiY59o8n2g
チャイコフスキー=プレトニョフ	くるみ割り人形	バレエ音楽「くるみ割り人形」から、7曲が編曲されたもの。原曲の可愛らしい雰囲気はそのままですが、ところどころ超絶技巧が要求される箇所があります。	https://youtu.be/trl9T4sbV_c
チャウシャン	ピアノソナタ第1番	アルメニアの現代作曲家、レヴォン・チャウシャンの作品。全3楽章、15分ほどの作品です。近現代に書かれた激しいピアノ曲が好きな方々にはオススメの一曲です。	https://youtu.be/waXYXTSDic0
デュカス	ピアノソナタ	「魔法使いの弟子」などで知られるデュカスの残した、小品を除けば唯一のピアノ作品。演奏時間は45分と非常に大規模な作品で、交響曲のような聴きごたえがあります。	https://youtu.be/tqHn1IVmvU4
デュティユー	田園詩	デュティユーというと、不協和音を多用して書かれた「ピアノソナタ」などが有名ですが、この曲は教則本「子どもの庭」の1曲で、2分ほどの可愛らしい作品です。	https://youtu.be/vflGRLZMsjQ
デュティユー	波のまにまに	6曲からなる組曲で、初期の作品ということもあり、同じフランスの先輩作曲家たちの影響を感じます。ちなみに、もともとはラジオ番組のために書かれたそうです。	https://youtu.be/LCDs7TeEs_s
デュティユー	コラールと変奏	「ピアノソナタ」の第3楽章にあたり、単独で演奏される機会も多い作品です。「ピアノソナタ」は比較的初期の作品であるとともに、重要な作品に位置付けられています。	https://youtu.be/DspMxZX5PME
デュポン	陽の光は波間に戯れる	10曲からなる組曲「砂丘の家」の第6曲。光に溢れた明るい雰囲気に加え、技巧的な要素も特徴的な作品です。	https://youtu.be/Vl1DYjVBWpU
ドヴァリョーナス	初雪	ドヴァリョーナスはリトアニアの作曲家。ドビュッシーが好んで使った全音階が多用されており、全体的に暗めの雰囲気ですが、光が射すように明るくなる部分がとても美しいです。	https://youtu.be/YEKKyJOMb1k
ドゥーセ	ショピナータ	曲名の「ショピナータ」は「ショパン風に」という意味です。ショパンの代表的ないくつかの作品の旋律を使って書かれた、ラグタイム風の作品です。	https://youtu.be/jDplra93PNA
トゥール	ピアノソナタ	エストニアの現代作曲家、エリッキ=スヴェン・トゥールの作品。美しく透明感のある響きと、ピアニスティックな書法が駆使された、演奏効果の高い作品です。	https://youtu.be/c6z-w3hD9ks
ドヴォルザーク	8つのユモレスク	ドヴォルザークの代表曲である、あの有名な「ユモレスク」が8曲あるうちの7曲目である、というのはほとんど知られていない事実でしょう。中の人は1番が好きです。	https://youtu.be/MrVc1Bs5Cv0
ドヴォルザーク	スラヴ舞曲 Op.72-2	チェコの作曲家であるドヴォルザークの代表作である「スラヴ舞曲」の中で、おそらく最も有名な1曲。管弦楽版が有名ですが、元はピアノ連弾曲です。	https://youtu.be/Y4VVT7FvOlQ
トゥリーナ	ヒポクラテス	ヒポクラテスとは、古代ギリシアの医者の名前。トゥリーナにしては珍しく、様々な曲の主題が登場する、パロディ的な性格も強い作品です。	https://youtu.be/G5Ad5zq4kCk
トゥリーナ	サパテアード	「3つのアンダルシア舞曲」という曲の第3曲で、スペインの作曲家、トゥリーナの代表作の一つです。スペイン的な非常に軽快なリズムと明るい曲調が特徴的な作品です。	https://youtu.be/-6XCXtIQHac
トゥリーナ	サンルーカル・デ・バラメダ	スペインの作曲家、トゥリーナの作品。事実上、4楽章からなるソナタです。トゥリーナの良さが凝縮された作品だと思います。中の人イチオシ。	https://youtu.be/vPLjxg8z-3A
トゥリーナ	サクロ・モンテ	ジプシー舞曲集第1集という作品の第5曲ですが、単独で取り上げられることの方が多いと思います。2分ほどの短い曲ですが、ジプシーらしい激しさが特徴的な曲です。	https://youtu.be/XR5eFAxYdAg
ドビュッシー	西風の見たもの	12曲からなる前奏曲集第1巻の第7曲。曲名の通り、嵐の情景を描いたような曲で、ドビュッシーの全作品中、最もと言っていいほど荒々しい作品です。	https://youtu.be/RNcvnOwxFrA
ドビュッシー	風変わりなラヴィーヌ将軍	前奏曲集という作品のうちの1曲。ラヴィーヌ将軍というのは当時アメリカで人気のあった道化師で、非常にユーモアのある洒落た作品です。	https://youtu.be/vaE0fPNSBCI
ドビュッシー	アナカプリの丘	24曲からなる「前奏曲集」からの1曲。アナカプリとは、イタリアのカプリ島にある地区の名前。太陽が燦々と輝く海に囲まれた島の、陽気な雰囲気が楽しい作品です。	https://youtu.be/7B6iiFqL2sY
ドビュッシー	ラモーを讃えて	「映像 第1集」の第2曲。第1曲の「水の反映」しか知らない人が多い気がするので紹介します。ドビュッシーにしか生み出せない神秘的なハーモニーが魅力的な一曲。	https://youtu.be/tpOuSc9WApk
ドビュッシー	月の光	前期の傑作「ベルガマスク組曲」の第3曲。それまで描写的な作品を書いていなかったドビュッシーが、「版画」や「映像」などを後に生み出していく先駆けとなりました。	https://youtu.be/S1yn_o53_Og
ドビュッシー	アルバムリーフ	後期に書かれた、わずか1分ほどしかない小品ですが、ドビュッシーらしい魅力のある一曲です。「アルバムの一ページ」というタイトルで呼ばれることもあります。	https://youtu.be/e9PMHEJegsc
ドビュッシー	白と黒で	3楽章からなる、2台ピアノのための作品。それぞれの曲の冒頭には詩の一節が書かれています。晩年の作品で、何を意味しているのかが読み取りにくい曲名が印象的です。	https://youtu.be/z34ww9FF6sM
ドビュッシー	2つのアラベスク	超有名な第1曲しか聴いたことがない人が多い気がするので、軽快で可愛らしい第2曲の演奏動画を紹介します。初期に書かれたため、ロマン派的な性格が強い作品です。	https://youtu.be/KAFZ-yLjca4
ドビュッシー	民謡の主題によるスコットランド行進曲	ピアノ連弾のための作品で、比較的初期の作品です。のちにオーケストラ編曲されたものの方が、一般的であるように思われます。	https://youtu.be/F-_TJb3bu2E
ドビュッシー	5本の指のためのエチュード	晩年の作品、12のエチュードの第1曲。練習曲でおなじみのチェルニーに対するオマージュとして書かれた曲で、ドビュッシーらしいユーモアに溢れています。	https://youtu.be/mL5Ouvt9xUY
ドビュッシー	夜想曲	初期の作品です。後期のドビュッシーの作品に見られるような和音などは見られませんが、非常に流麗で美しい作品です。オーケストラのための「夜想曲」とは別の作品です。	https://youtu.be/cYAmoie1plA
ドビュッシー	メヌエット	4曲からなるベルガマスク組曲の第2曲。とても良い曲なのですが、なぜか組曲の中で最も知名度が低いので、紹介してみます。ぜひ聴いてみてください。	https://youtu.be/qTxiLTZN1mY
ドビュッシー	四度のためのエチュード	ドビュッシーは晩年に12のエチュードを作曲しました。この曲はその第3曲にあたり、全体が四度音程に支配された、東洋的な響きがする曲です。	https://youtu.be/yrl6nW17PP8
ドビュッシー	花火	全2巻、各12曲からなる「前奏曲集」は、ドビュッシーの作曲技法の集大成と言ってよい作品です。この曲集の最後を飾る、最も前衛的な作風の「花火」を紹介したいと思います。	https://youtu.be/jRQW_kajq54
ドビュッシー	忘れられた映像	かなり初期の作品。中期に作曲された映像第1集や第2集に比べると非常にマイナーな作品ですが、ドビュッシーらしい個性は感じられます。	https://youtu.be/OsMbksMJT8k
ドビュッシー	燃える炭火に照らされた夕べ	晩年に書かれた作品で、近年になって楽譜が発見されました。演奏時間は2分ほどと短く、全体を通して静かですが、ドビュッシーらしい魅力が詰まった曲です。	https://youtu.be/xWeAd4g29QU
ドビュッシー	仮面	比較的初期の作品で、もとはベルガマスク組曲の1曲として構想されていたそうです。ドビュッシーにしては珍しく、ピアノの打楽器的な使い方の目立つ、視覚的にも面白い作品です。	https://youtu.be/2J5Y1qP-YQw
ドビュッシー=グリャズノフ	牧神の午後への前奏曲	原曲はドビュッシーのオーケストラ作品の代表作。ロシアのピアニスト、グリャズノフによって、華麗でピアニスティックな編曲がなされています。	https://youtu.be/kbr7c2eRpUY
トマジ	風景	フランスの作曲家、アンリ・トマジの作品。「海」「木漏れ日」「森」の3曲からなります。フランス物らしい洒落た響きと、優しい雰囲気が魅力的です。	https://youtu.be/pWc_aG5p7Ww
ドリーブ=ドホナーニ	「コッペリア」の「ワルツ」	ドリーブの代表的なバレエ作品「コッペリア」の中でも特に有名な「ワルツ」のピアノ版。原曲の可愛らしい雰囲気はそのままに華麗な編曲がされています。	https://youtu.be/TCcKjOXEsbg
トリクパエフ	ヤプライ	カザフスタンの民謡のピアノ編曲です。演奏されている福間洸太朗さんによると「ヤプライ」とは、「大自然を前にして言葉を失うほど感動すること」だそうです。	https://youtu.be/YzDSg6Ek0Ww
ニールセン	楽しいクリスマスの夢	ニールセンはデンマークを代表する作曲家。この曲は穏やかで優しい雰囲気を持つ曲で、「聖しこの夜」のメロディーが使われています。	https://youtu.be/VnbaiA32p6I
ニコロフスキ	トッカータ	ロシアの作曲家、ニコロフスキの作品。プロコフィエフの「トッカータ」に非常に似た雰囲気の作品です。途中7拍子になるところがあります。	https://youtu.be/7R_8PGAlmEY
バーバー	ピアノソナタ	アメリカの現代作曲家、サミュエル・バーバーのピアノソナタ。全4楽章で時間は20分ほどになります。特に人気の高い、フーガの書法で書かれた第4楽章を紹介します。	https://youtu.be/kGzpdJeP0ks
ハイドン	ピアノ協奏曲 Hob.XVIII-11	おそらく、ハイドンのピアノ協奏曲はかなりマイナーな作品でしょう。正確にはチェンバロ協奏曲だそうですが。素朴な明るさのある、素敵な作品です。	https://youtu.be/VDKIeyAnCBc
ハイドン	ピアノソナタ第31番	ハイドンの作曲した62曲あるピアノソナタの中では、比較的演奏されることの多い作品。全体的に穏やかな雰囲気ですが、時に暗く激しくなります。	https://youtu.be/dKyoCKqh2eI
ハイドン	ピアノソナタ第62番	ハイドンはモーツァルトやベートーヴェンに比べると存在感が薄い作曲家ですが、ピアノソナタを62曲も書いています。この第62番は人気があり、よく演奏されます。	https://youtu.be/bhCOWKIZ_8g
バグダサリアン	24の前奏曲	バグダサリアンはアルメニアの作曲家で、ショパンの同名の作品と同じ24調を使って前奏曲を作曲しています。流麗で美しく、特に人気のある第6曲の動画をご紹介します。	https://youtu.be/HwnGj7F-bzw
ハジダキス	イオニア組曲	ギリシャの作曲家、マノス・ハジダキスの作品。5曲からなる組曲で、音の数は少なくシンプルですが、異国情緒あふれる作品です。	https://youtu.be/3oPu4ayV58Q
ハチャトゥリアン	トッカータ	バレエ音楽などで有名なハチャトゥリアンの、ピアノ作品です。このトッカータはピアノを打楽器的に扱う場面が多い作品で、和音連打などが多く見られます。	https://youtu.be/dB9ezP5e_l4
ハチャトゥリアン=シフラ	剣の舞	バレエ「ガイーヌ」の1曲、「剣の舞」をシフラが編曲したもの。シフラの作品は全体的にそうですが、理解不能な動きをする箇所が何箇所もあって視覚的にも面白いです。	https://youtu.be/S32u_8HDbe0
バツェヴィチ	ピアノソナタ第2番	ポーランドを代表する女性作曲家、バツェヴィチの代表作。終楽章「トッカータ」の動画を紹介します。打楽器的な奏法と四度堆積の和音が多用されていて面白い曲です。	https://youtu.be/gnHl9AtVP-4
ババジャニアン	エレジー	アルメニアの作曲家、ババジャニアンが、同国の作曲家であるハチャトゥリアン追悼の思いを込めた作品。物悲しくも、とても美しい作品です。作曲者本人による演奏でどうぞ。	https://youtu.be/-_Ha34MK020
ババジャニアン	6つの描画	アルメニアの作曲家、ババジャニアンの作品。バルトークやプロコフィエフの作品に近い雰囲気の作品です。激しい民族舞踏である、第6曲が特にオススメです。	https://youtu.be/IliC9FseEV0
ババジャニアン	ヴァガルシャパト舞曲	ババジャニアンはアルメニアを代表する作曲家の一人。ヴァガルシャパトとは、アルメニアの都市の名前のようです。2分ほどの小品です。	https://youtu.be/qxdMBo95-Xw
ハフ	ファンファーレ・トッカータ	2022年のヴァン・クライバーン国際ピアノコンクールの課題曲として書かれた作品。技巧的でありつつ、鐘のような響きが美しい作品です。	https://youtu.be/T2naEtxoVMo
バラキレフ	トッカータ	ロシアの作曲家、バラキレフの作品。トッカータというと急速なテンポのイメージがありますが、比較的ゆったりとしたテンポで奏でられる、少し陰鬱な雰囲気が特徴的な作品です。	https://youtu.be/LSdrovmg1Y8
バラキレフ	「皇帝に捧げし命」による幻想曲	グリンカの同名のオペラの主題に基づく作品です。生前は優れたピアニストとしても高い評価を得ていたバラキレフらしい、長大で派手な作品です。	https://youtu.be/Wy_OuHCR1yI
バラキレフ	イスラメイ	ロシアの作曲家、バラキレフの代表作で、「東洋風幻想曲」とも呼ばれます。民族的な2つの主題を持つ、自由なソナタ形式で書かれた作品です。非常に技巧的なことでも有名。	https://youtu.be/O5raMK4Z9co
パラシオス	彼女の優しい顔つき	ラモン・デルガド・パラシオスはベネズエラを代表する作曲家です。この曲はパラシオスの代表作の一つのようです。ベネズエラワルツの傑作。	https://youtu.be/zH7WBFxbqgM
バルトーク	ピアノ協奏曲 第2番	バルトーク本人曰く、難解な1番よりは一般受けを狙った作品のようですが、バルトークらしさは健在の傑作です。ピアノ独奏は圧倒的な難技巧を要求されます。	https://youtu.be/2Z_ICVD4nDU
バルトーク	ピアノ協奏曲第1番	バルトークのピアノ協奏曲は3曲あり、3番が最も人気ですが、この1番も非常に素晴らしい作品です。色々な意味で「バルトークらしさ」が全開です。	https://youtu.be/YoqQ_NnHwg4
バルトーク	ルーマニア民族舞曲	バルトークの作品の中で、おそらく最も有名な作品です。ここではピアノ独奏の演奏を紹介しますが、実に様々な編曲があるので、探してみると面白いかもしれません。	https://youtu.be/4LhIbqDA4t8
バルトーク	ラプソディ	Op.1と銘打たれた、作曲家としてのスタートとなった作品。もともとはピアノ独奏曲ですが、後にピアノとオーケストラのために編曲された版を今回は紹介します。	https://youtu.be/ryevLf91Dyk
バルトーク	3つのチーク県の民謡	民族音楽的な旋律が特徴的な作品。バルトークの作品の中では屈指の美しさを持つ作品であるように思います。いずれも1分ほどの3曲からなります。	https://youtu.be/tGUA3FiJY5s
バルトーク	3つのエチュード	バルトークの作品の中では話題に上ることが少ないですが、バルトークらしい無調的な雰囲気を持つ作品です。3曲で8分ほど。楽譜を見た感じ、とても難しそうです。	https://youtu.be/G2E058Ep99Y
バルトーク	ブルガリアン・リズムによる6つの舞曲	153曲からなる練習曲集、「ミクロコスモス」の最後の6曲。これら6曲はよく単独で取り上げられます。すべて変拍子で書かれた面白い作品です。	https://youtu.be/ISRACN6YDTg
バルトーク	野外にて	「笛と太鼓」「舟歌」「ミュゼット」「夜の音楽」「狩」の5曲からなります。「ピアノソナタ」などと同時期の、不協和音やピアノの打楽器的な使い方が目立つ面白い作品です。	https://youtu.be/0xU-p9wmSqg
バルトーク	ピアノソナタ	バルトークが生涯で作曲した唯一のピアノソナタ。円熟期の作品であり、バルトークの最高傑作の一つだと言えるでしょう。ピアノの打楽器的な奏法と民族的な旋律が特徴的です。	https://youtu.be/Tcwo6Li2oaA
ハルマメドフ	バラード	トルクメニスタンを代表する作曲家、ヌルリー・ハルマメドフの作品。「バラード」は7拍子で書かれた、民族的な雰囲気の作品です。	https://youtu.be/5TMTCAA_OB0
ハルマメドフ	デュタールの音色	ハルマメドフはトルクメニスタンの作曲家です。デュタールとは中央アジアの弦楽器で、その奏法や民族音楽的な旋法をピアノで再現した、興味深い作品です。	https://youtu.be/754k_1bhcss
パルムグレン	雨だれ	3つの小品 Op.54の第1曲。この頃のパルムグレンの作品としては典型的な、低音域を全く使用しない、美しく幻想的で、少し不思議な雰囲気が魅力的な一曲です。	https://youtu.be/652jH3oknvw
パルムグレン	海	フィンランドの作曲家、パルムグレンが作曲した「24の前奏曲」の第12曲。技巧的で派手なことから、単独で取り上げられる機会も多い作品です。	https://youtu.be/JFKyoSYtepw
パルムグレン	月光	フィンランドの作曲家、パルムグレンの作品。同時期に書かれた「粉雪」や「雨だれ」などと同様に、印象主義的な作風の作品。幻想的でどこか妖しげな雰囲気があります。	https://youtu.be/BVi5I2TfCEI
パルムグレン	粉雪	フィンランドの作曲家、パルムグレンの作品の中で、おそらく最も親しまれている曲です。これほどまでの美しさを湛えた作品は、世界中を探してもそうそうないでしょう。	https://youtu.be/nn4paafNsjM
パルムグレン	3つの情景による夜想曲	フィンランドの作曲家、パルムグレンの円熟期の作品。「星は瞬く」「夜の歌」「暁」の3曲からなり、どの曲もとても素敵な個性を持っている作品です。	https://youtu.be/G3FePgcyhLI
ピアソラ	リベルタンゴ	言わずと知れたピアソラの代表作。ピアノ用の編曲も独奏から二台ピアノまで様々存在しますが、ここではブニアティシビリ姉妹による連弾の演奏を紹介したいと思います。	https://youtu.be/W_Jy3_q89-A
ピアソラ	アディオス・ノニーノ	亡き父に捧げられた、ピアソラの初期の作品です。舞踏のための伴奏音楽でしかなかったタンゴは芸術の域にまで高められており、彼自らも最高傑作だと認めた作品です。	https://youtu.be/pavplLzT7Mk
ピアソラ	ブエノスアイレスの冬	ブエノスアイレスの四季の1曲。陰鬱で感傷的な曲です。ピアノトリオなどで演奏されることも多いです。さまざまな編曲があるので、探してみると面白いかもしれません。	https://youtu.be/9XcfE1wO0bM
ピアソラ	バルシシモ	ピアソラが残した数少ないピアノ曲のうちの1つ。ピアソラらしい洒落たワルツで、有名ではありませんが隠れた傑作だと思います。	https://youtu.be/iIzl2fZ0y_o
ピアソラ	アディオス・ノニーノ	ピアソラが亡き父に捧げた傑作。美しいメロディーと、時折現れるタンゴのリズムが特徴的な作品です。ラエルシオ・デ・フライタスによる編曲を紹介します。	https://youtu.be/8ZrIWOpT6Rc
ビゼー	夜想曲 第2番	「カルメン」や「アルルの女」などの劇音楽で有名なビゼーですが、実はピアノ曲もいくつか残しています。素朴で優しい雰囲気の、美しい作品です。	https://youtu.be/E0OmCB2OvX0
ビゼー=ヴォロドス	カルメン	ビゼーの代表作「カルメン」の第4幕への間奏曲「アラゴネーザ」を、ヴォロドスが編曲したもの。ド派手な編曲は一聴の価値があります。	https://youtu.be/yCUtfywxias
ヒナステラ	ピアノソナタ第1番	円熟期に書かれた、これぞヒナステラ、といった感じの作品です。全4楽章からなります。マランボのリズムに乗って突き進んでいく第4楽章は特に圧巻です。	https://youtu.be/7-lcnVAoLRE
ヒナステラ	アルゼンチンの童謡によるロンド	ヒナステラの2人の子供に献呈された曲。ヒナステラの曲はピアノをぶっ壊すほどの激烈なエネルギーに満ちた作品が多いですが、この曲は可愛らしい曲です。	https://youtu.be/HuIsxjJSnck
ヒナステラ	クレオールの踊り	短い5曲とコーダが連続して演奏される曲で、特にコーダの爆発的なエネルギーはヒナステラならでは、と言った感じです。情熱の中に深い孤独のようなものを感じる曲です。	https://youtu.be/zw3OUg3_Cqc
ヒナステラ	アルゼンチン舞曲集	アルゼンチンの作曲家、ヒナステラの最初期の作品にして代表作。3曲からなり、特に3曲目の「荒くれ者のガウチョの踊り」は圧倒的な推進力を持つ傑作。	https://youtu.be/Tgv-iYStDf4
ビバロ	4つのバルカン舞曲	ビバロはイタリア系ノルウェー人の作曲家・ピアニスト。曲名通りの、非常に民族色の強い作品です。第1曲の動画をご紹介しますが、第2曲以降もyoutubeで聴けます。	https://youtu.be/e6WrwG_GcJk
ヒメノ	6つのリズム・エチュード	スペインの作曲家、パスカル・ヒメノの作品。曲名通り、カプースチンのエチュードのようなリズミックな作品です。第1曲「ファンキー」の演奏動画をご紹介します。	https://youtu.be/83UtxEQgpds
ファジル・サイ	トロイ・ソナタ	ピアニストであり作曲家でもあるファジル・サイが、トロイの伝説をもとに作曲した全10楽章からなるピアノソナタ。第7楽章「アキレス」の本人演奏を紹介します。	https://youtu.be/V3BkSfhhWwk
ファジル・サイ	ブラック・アース	民族音楽的な雰囲気のある、非常に美しい作品。ピアノの弦に触れて演奏する内部奏法が登場します。トルコの吟遊詩人、アシク・ベイセルの詩に着想を得たそうです。	https://youtu.be/MFSm5_4afro
ファジル・サイ	パガニーニ変奏曲	パガニーニのカプリス24番(リストやラフマニノフもこの主題による変奏曲を作ったことで有名です)による変奏曲。ジャズっぽいアレンジがいい感じです。	https://youtu.be/foSqA0kl9hM
ファジル・サイ	イスタンブールのゴールドベルグ	マカームという中近東の旋法による旋律を主題とする変奏曲。元ネタはもちろんバッハのゴールドベルク変奏曲。チェンバロのための作品ですが、ピアノでも演奏可能です。	https://youtu.be/DJ_8GgF8uNE
ファリャ	スペイン舞曲 第1番	オペラ「儚き人生」の第2幕冒頭で演奏される曲であり、ファリャの代表作の一つ。悲恋物語である本作の雰囲気にマッチした、哀しげな曲調が魅力的な一曲です。	https://youtu.be/tRj7ZMz4100
ファリャ	火祭りの踊り	バレエ「恋は魔術師」の1曲にして、おそらくファリャの作品の中で最も有名な作品。編曲は本人によるものですが、ラローチャは音を足して、素晴らしい演奏をしています。	https://youtu.be/unR6coI5rgI
ファリャ	スペインの庭の夜	実質、3楽章からなるピアノ協奏曲です。ピアノが非常に難しいことでも有名です。雰囲気としては彼が書いた「ベティカ幻想曲」に近いです。スペイン的な情緒に満ちた傑作。	https://youtu.be/MGHwL0ME0Jc
ファリャ	ドビュッシーの墓のために	スペインの作曲家、ファリャの作品。スペイン情緒あふれる作品で、ドビュッシーの「グラナダの夕べ」の旋律が途中で登場します。ギター版もとても素敵です。	https://youtu.be/CuJM2ZkSUSA
ファリャ	三角帽子	原曲はバレエで、何曲かは作曲者によりピアノ編曲されました。下の動画はスペインを代表するピアニスト、ラローチャが3曲を抜粋で演奏したものです。スペイン的な性格が強い傑作。	https://youtu.be/Xrf9uyjODgc
ファリャ	モンタニェーサ	4つのスペイン小品の第3曲で、「印象」という副題もつけられています。非常に南国的な雰囲気が漂う曲です。下の音源は、ファリャ自身の演奏によるもののようです。	https://youtu.be/p_cvXGNMgpg
ファリャ	アンダルーサ	4つのスペイン小品という初期の作品の第4曲。スペイン的な性格が非常に強く、ファリャの個性が存分に発揮されています。他の3曲も素敵なので、ぜひ聴いてみてください。	https://youtu.be/xYSieQnTgi4
ファリャ	ベティカ幻想曲	ベティカとは、ラテン語でアンダルシア(スペイン南部)を意味します。スペインの民族音楽と、超絶技巧的なピアニズムの融合によって生まれた、ピアノ曲の最高傑作のひとつ。	https://youtu.be/GyZJOudLodw
ファリャ	ヴォルガの舟歌	ロシア民謡の「ヴォルガの舟歌」をファリャが編曲したもの。それにしても、スペイン人のファリャがこの曲を編曲しているというのは、少し面白い気がします。	https://youtu.be/cJ4bQe9aAQ4
フィールド	夜想曲 第5番	ジョン・フィールドは18曲の夜想曲を作曲し、ショパンの夜想曲にも影響を与えたと言われている作曲家です。その中でも第5番は比較的演奏される機会が多い作品です。	https://youtu.be/14QphtxLZ3w
フィリペンコ	トッカータ	和音連打などを駆使した、非常に疾走感のある派手な曲です。ウクライナのピアニスト、ガヴリリュクがこの曲をよくアンコールで演奏するようです。	https://youtu.be/8O43nU1BQsc
プーランク	ナゼルの夜会	前奏曲、8つの変奏、カデンツァと終曲からなる作品。プーランクらしい、即興的な要素の強い作品です。プーランクの作品の中でも比較的よく演奏されるものの一つです。	https://youtu.be/Fj165Gsfoeg
プーランク	フランス組曲	7曲からなる組曲。プーランクらしい、陽気で洒落た雰囲気の作品です。もともとは劇の付随音楽として管弦楽のために書かれましたが、作曲者自身によりピアノ編曲されました。	https://youtu.be/dutR2mWOklQ
プーランク	4手のためのピアノソナタ	19歳の時に書かれた最初期の作品ですが、プーランクらしい遊び心に満ちた、なかなかオシャレな作品です。全3楽章からなりますが、演奏時間は7分と短めです。	https://youtu.be/o_TogQoToes
プーランク	エディット・ピアフを讃えて	「15の即興曲」の第15曲で、曲集の中では最も人気があり、単独で取り上げられることも多い作品。悲しげで美しいメロディーが心に沁みる一曲です。	https://youtu.be/mmxsoi1Xeug
プーランク	間奏曲 変イ長調	穏やかで美しい曲調の作品で、プーランクの数あるピアノ作品の中でも取り上げられることの多い作品です。転調の仕方などにプーランクらしさが滲み出ています。	https://youtu.be/1d4UPCHyoy8
プーランク	ナポリ	「舟歌」「夜想曲」「イタリア奇想曲」の3曲からなる組曲。特に「イタリア奇想曲」はプーランクらしい派手さと、はっちゃけた明るさがある曲で、演奏効果も高く人気があります。	https://youtu.be/SwHOg-x-SL8
プーランク	トッカータ	3つの小品という作品の第3曲。2分ほどの短い曲ですが、左右の交互連打などを駆使した打楽器な作品で、非常に派手で演奏効果は高めです。	https://youtu.be/2tu4SlDMBAg
プーランク	メランコリー	明るく、少し憂いを帯びた雰囲気が美しい作品です。プーランクらしい独特の和音が随所で効果的に使われています。	https://youtu.be/UWR7_Z7YThA
ブーランジェ	3つの小品	25歳という若さで夭折したフランスの女性作曲家、ブーランジェの作品。「古い庭から」「明るい庭から」「行列」の3曲からなる、フランスらしい洒落っ気がある作品です。	https://youtu.be/foK8SyPqH54
ブーレーズ	天体暦の1ページ	ブーレーズはフランス現代を代表する作曲家の一人です。2005年に作曲された5分ほどの小品で、独特の不協和音や打楽器的なピアノの使い方が面白い作品です。	https://youtu.be/XmfaTVJdxnI
フェイルーズ	憐れみに満ちた神よ	アメリカの若手現代作曲家、フェイルーズの作品。曲名はヘブライ語で亡くなった人のことを思い唱えられる言葉で、西欧のピアノ音楽にはない独特な雰囲気の曲です。	https://youtu.be/h2s4VcqvA6I
ブエンカミーノ	ハラナ	ブエンカミーノはフィリピンの作曲家。ハラナとはフィリピンの伝統的な求愛の形式で、ギターを奏でながら歌を歌います。旧宗主国であるスペインの影響を感じる音楽です。	https://youtu.be/XL4tloFvpnE
フォーレ	組曲「ドリー」	ピアノ連弾のための、6曲からなる組曲。フォーレの作品は難解なものも多いですが、この作品は愛人の娘に献呈されており、子どもでも親しみやすいような曲調の作品です。	https://youtu.be/ac1ugBRmpSI
フォーレ	舟歌第3番	全13曲ある舟歌のうち、比較的初期に書かれた作品。変ト長調で書かれており全体的におだやかですが、フォーレらしい工夫を凝らした和声進行が面白い作品です。	https://youtu.be/I57_MAt5EHo
フォーレ	夜想曲 第7番	フォーレの夜想曲は全部で13曲あり、この作品は中期の作品にあたりますが、後期の作品に近いような雰囲気も感じ取られます。非常に味わい深い作品です。	https://youtu.be/sDBSH59ZgmE
フォーレ	夜想曲 第5番	フォーレの夜想曲は、特に後期の作品では難解なものも多くなりますが、初期に書かれたこの作品はシンプルでわかりやすいです。技巧面ではリストの影響も指摘されています。	https://youtu.be/An7DDSxCRKs
フォーレ	舟歌 第1番	フォーレは舟歌というタイトルの作品を13曲も書きましたが、その最初の作品です。初期の作品らしく、後期の舟歌や夜想曲などと比べるとシンプルで美しい作品です。	https://youtu.be/puEjtPCAONE
フォーレ	舟歌 第12番	フォーレは舟歌を全部で13曲作曲しました。非常に美しい主題が魅力的な作品です。明るい雰囲気から一転して感傷的になる中間部は特に素晴らしいように感じられます。	https://youtu.be/ADZE9ItZP2o
フォーレ	夜想曲 第6番	13曲ある夜想曲の中でも、特に人気のある作品の一つ。変ニ長調で書かれており、優しく落ち着いた雰囲気でありながら、非常に味わい深い傑作です。	https://youtu.be/SfQnizZYtTE
フォーレ	主題と変奏	主題と11の変奏からなる、フォーレが作曲した唯一の変奏曲。15分ほどという長い演奏時間を持つ大作であり、フォーレのピアノ作品の傑作の一つに数えられています。	https://youtu.be/GDvKP0tuoHM
フォーレ	夜想曲 第13番	全部で13曲ある夜想曲のうちの最後の作品にして、同時にフォーレの最後のピアノ作品でもある傑作。最晩年の作品らしい、味わい深さがあります。	https://youtu.be/c3lbIbMFwdI
フォーレ	バラード	フォーレの作品の中では「主題と変奏」と並ぶ大きな規模を持つ、非常に美しい作品です。3つの部分から全体が構成されます。ちなみにオーケストラ版も存在します。	https://youtu.be/tZcKii9Sd-o
フォーレ	ヴァルス・カプリス第1番	フォーレはヴァルス・カプリスという曲を全部で4曲作曲しました。その中では、前期に作られた1番と2番が人気な気がします。陰りがなく明るい曲調の作品です。	https://youtu.be/cPM_148a3ts
フォーレ	パヴァーヌ	もともとは管弦楽曲として作曲された作品ですが、フォーレによるピアノ編曲が存在しています。「パヴァーヌ」とはイタリアに起源を持つ、ゆったりしたテンポの舞曲です。	https://youtu.be/Gg1NRwrzoZg
フォーレ	即興曲 第3番	フォーレが初期に書いた傑作の一つ。軽快で美しい作品です。少し気だるい雰囲気の中間部も素敵です。	https://youtu.be/P41WjJxYzmo
ブゾーニ	ソナチネ第6番 「カルメン」に基づく室内幻想曲	ブゾーニの独奏曲の中では特に人気の作品。ビゼーの「カルメン」の中でも有名な「第1幕への前奏曲」や「ハバネラ」などが使われています。	https://youtu.be/8tJViWDCLXw
ブゾーニ	ピアノ協奏曲	バッハの「シャコンヌ」の編曲などで有名なブゾーニが作曲した唯一のピアノ協奏曲。5楽章からなる長大な作品で、終楽章には男声合唱が登場するなど、興味深い作品です。	https://youtu.be/ohPzurDZzZ4
ブラームス	6つの小品 Op.118	晩年に書かれた小品集の一つ。最も人気のある第2曲の「間奏曲」を紹介します。とても甘美で穏やかな作品で、晩年の作品らしい味わい深さがあります。	https://youtu.be/1h4Re5WBEAc
ブラームス	2台のピアノのためのソナタ	ブラームスらしい魅力の詰まった、重厚で長大な作品です。ちなみにこれを書き直したものが、作品番号も同じピアノ五重奏曲で、そちらも素晴らしい作品です。	https://youtu.be/M0bXtIWUUTw
ブラームス	2つのラプソディ	ブラームスのピアノ曲の中でも最も名の知れたものの一つ。中期に書かれた作品であり、2曲ともに、ブラームスらしい重厚な作風が特徴的です。	https://youtu.be/GMveEoRmkJE
ブラームス	パガニーニの主題による変奏曲	パガニーニの「奇想曲第24番」の主題による変奏曲。20分ほどの作品ですが、1巻と2巻に分かれているため、どちらかのみを演奏する人も多い気がします。	https://youtu.be/fYvwCccvZ2o
ブラームス	ピアノソナタ第3番	作品5と最初期の作品でありながら、非常に完成度が高い作品です。初期の作品らしい、若さと情熱を感じます。全5楽章からなる、かなり大規模な作品です。	https://youtu.be/Abby2S5OSXM
ブラームス	創作主題による変奏曲	全体的に穏やかで、後に書かれたパガニーニの主題による変奏曲やヘンデルの主題による変奏曲と比べるとマイナーですが、初期のブラームスらしい魅力のある作品です。	https://youtu.be/9ZHbvEBUwPs
ブラームス	幻想曲集 Op.116	ブラームスが晩年に書いた小品集の一つです。この「幻想曲集」は3つの奇想曲と4つの間奏曲からなる作品で、多くの曲が三部形式で書かれています。	https://youtu.be/BJXwlHTzKsE
ブラームス	3つの間奏曲 Op.117	ブラームス晩年の作品。どこか翳った美しさが心に深く沁みる曲です。ブラームス自身はこの3曲を、「私の哀しみが入った3つの揺りかご」と評したそうです。	https://youtu.be/w4nnjhHe15U
ブラームス	ワルツ集 (2台ピアノ版)	16曲からなるワルツ集のうちの5曲を、ブラームス自身が2台ピアノのために編曲したもの。2台ピアノならではの重厚な響きが魅力的です。	https://youtu.be/6qrSWca8Eb0
ブラームス=ヴァルタニアン	交響曲第4番	交響曲第4番はブラームス自身が最高傑作と評したと言われており、終楽章は変奏曲の形式で書かれています。原曲に忠実で技巧的な編曲がされています。	https://youtu.be/Bih5e2vui3g
ブラームス=ゴドフスキー	子守唄	元は歌曲で、ブラームスの代表作の一つ。甘美な雰囲気が人気で出版当時から様々な編曲がされており、ゴドフスキーも多声的ながら無駄がなく美しい編曲を残しています。	https://youtu.be/oqErYHQ84cs
ブラゴイ	おとぎ話ソナタ	ロシアの作曲家、ドミトリー・ブラゴイの作品。全3楽章で12分程度とコンパクトでありながら、演奏効果は非常に高いです。曲名からも、メトネルの影響を感じさせられます。	https://youtu.be/edPOnQ5QwF8
フランク	前奏曲、コラールとフーガ	晩年のフランクが、40年ぶりにピアノ曲の作曲に取り組んで書き上げた傑作。フランクらしい崇高な雰囲気の、3つの部分からなる壮大な規模を持つ作品です。	https://youtu.be/vwLtzhXINBI
フランク=コルトー	ヴァイオリン・ソナタ	フランクの代表作であるヴァイオリン・ソナタを、ピアニストのコルトーが編曲したもの。特に人気のある第4楽章を紹介します。	https://youtu.be/RJqMAG0faVA
フランク=バウアー	前奏曲、フーガと変奏曲	フランクは宗教音楽やオルガン曲などを多く残したことで知られる作曲家で、この曲ももとはオルガン曲です。荘厳な雰囲気を持つ、非常に感動的な作品です。	https://youtu.be/tW4-lDMv4nI
ブリッジ	3つの詩曲	ブリッジはイギリスで20世紀前半に活躍した作曲家。「孤独」「恍惚」「日没」の3曲からなり、全体的にスクリャービンの影響が色濃く感じられる作品です。	https://youtu.be/mzZrE821Kvo
ブリッジ	砂時計	イギリスの作曲家、フランク・ブリッジの作品。「夕暮れ」「露の妖精」「真夜中の潮汐」の3曲からなります。印象主義的な、美しくもどこか不思議な雰囲気の作品です。	https://youtu.be/2YGGEbSI_fo
ブリッジ	おとぎ話	ブリッジはイギリスの作曲家で、同年に生まれたアイアランドと作風は似ています。「王女」「鬼」「魔法」「王子」の4曲からなる、メルヘンチックで美しい組曲です。	https://youtu.be/df2-tl6SwOg
ブリッジ	ピアノソナタ	20世紀にイギリスで活躍したブリッジの作品。「ブリッジ和音」という和音が使われるなど、不思議で独特な響きのする作品です。3楽章からなります。	https://youtu.be/LH9P8yaxFJU
ブルーメンフェルト	エチュード「海にて」	ブルーメンフェルトはドイツ系のロシア人作曲家で、ピアノ作品を多く残しています。この曲は彼の代表作の一つで、彼の作品の中ではよく演奏されます。	https://youtu.be/zYdEe8hacO4
ブルーメンフェルト	左手のためのエチュード	おそらくブルーメンフェルトの作品の中では最も有名な作品の一つです。とても美しい響きのする作品で、左手独奏とは思えないダイナミックさも魅力です。	https://youtu.be/F2XUptZLS08
プロコフィエフ	ピアノ協奏曲第3番	この作品はプロコフィエフの最高傑作の一つと言えるでしょう。非常に密度が濃く、演奏効果も高い傑作で、国際コンクールなどでもよく演奏されます。	https://youtu.be/q4TyQ97Jcr0
プロコフィエフ	つかの間の幻影	非常に短い20曲からなる作品。曲名はロシアの詩人、バリモントの詩の一節「あらゆる束の間の幻影に私は世界を見る、虹色のゆらぎに満たされて」に由来するそうです。	https://youtu.be/7PCAkEfkHKU
プロコフィエフ	ピアノソナタ第6番	「戦争ソナタ」の愛称でも親しまれ、プロコフィエフの作品の中ではよく演奏される作品です。古典的な形式とプロコフィエフらしい和声が特徴的な作品です。	https://youtu.be/_7M61ZE2SWQ
プロコフィエフ	憑霊	推進力に満ちた技巧的な作品で、半音階的なメロディーと不協和音の多用がプロコフィエフらしいです。「悪魔的暗示」という和訳でも通っていますが、こちらは誤訳です。	https://youtu.be/iWHmoIkUuFE
プロコフィエフ	前奏曲 Op.12-7	「10の小品」という小品集の一曲。美しい作品で「ハープ」という副題でも親しまれており、ハープ版も存在します。スタッカートを多用した中間部も面白いです。	https://youtu.be/aXYxrVgFy60
プロコフィエフ	ピアノソナタ 第7番	第6番、第8番とともに「戦争ソナタ」と呼ばれ、プロコフィエフの作品の中でも特に人気のある作品です。圧倒的な推進力を持つ第3楽章の動画を紹介します。	https://youtu.be/EPTlqqQ169k
プロコフィエフ	トッカータ	非常に無機的かつ技巧的で、圧倒的な推進力を持つ作品です。プロコフィエフの代表作の一つで、中国のピアニスト、ユジャ・ワンがよくアンコールで弾くことでもおなじみ。	https://youtu.be/1te0jHkRB0s
プロコフィエフ	ピアノソナタ第1番	プロコフィエフが発表した最初の作品。非常にロマン派的な性格が強く、全くプロコフィエフらしくない作品ですが、逆にプロコフィエフ好き以外の人々には人気です。	https://youtu.be/APxweGUCqIs
プロコフィエフ	サルカスム(風刺)	比較的初期の作品ですが、これぞまさにプロコフィエフ、と言った感じの曲です。個性溢れる短い5曲が、連続して演奏されます。	https://youtu.be/dbdCF1PDSFY
プロコフィエフ	4つの練習曲 Op.2	Op.2という作品番号からも分かる通り、最初期の作品ですが、すでにプロコフィエフらしさ全開の曲です。4曲で10分程度。どれもこれも難しそうです。	https://youtu.be/Uxj-glCLnHc
プロコフィエフ	ドゥムカ	ドゥムカとはスラブ地方を発祥とする音楽の形式の一つで、この作品も含め、一般的に陰鬱な作品が多いです。かなり知名度の低い作品ですが、プロコフィエフらしい音遣いを楽しむことができます。	https://youtu.be/OK9XxIdG_Do
プロコフィエフ	ピアノソナタ 第3番	学生時代の習作を10年後に改作したものであることから、「古い手帳から」という副題を持ちます。ソナタ1番と同じく単一楽章で書かれています。	https://youtu.be/PGRls_Kjt9I
プロコフィエフ	ピアノソナタ 第2番	4楽章からなる初期の作品。形式は古典的かつコンパクトですが、プロコフィエフらしい独特な音遣いが際立つ、面白い作品です。	https://youtu.be/K13swjQnSDM
フンメル	ピアノ協奏曲 第2番	フンメルのピアノ協奏曲のうち最も有名な作品にして代表作の一つ。特に終盤など、技巧的で演奏効果の高い部分も多く、劇的でロマン派的な雰囲気の作品です。	https://youtu.be/iYr7z1RYgaM
ベートーヴェン	6つのバガテル	ベートーヴェンの最後のピアノ作品。バガテルとは「小品」のような意味で、1曲は3分ほどと短いですが、晩年の作品らしい味わい深さがあります。	https://youtu.be/9sNAoo6JVxE
ベートーヴェン	ピアノソナタ第17番「テンペスト」	中期を代表するピアノソナタの一つ。通称の「テンペスト」は「嵐」という意味で、シェイクスピアの同名の作品に由来しています。	https://youtu.be/M6PaevjHKDk
ベートーヴェン	ピアノソナタ第23番「熱情」	「悲愴」「月光」と並ぶ3大ソナタの一つ。中期に書かれた作品であり、ベートーヴェンの最高傑作の一つとしても名高い作品です。	https://youtu.be/24X7_7WKOU8
ベートーヴェン	失われた小銭への怒り	曲名は俗称で、自筆譜に書かれた曲名は「奇想曲的なハンガリー風のロンド」らしいです。作品番号は遅いですが、死後に発表されただけで、実際は初期の作品です。	https://youtu.be/CbDJxsYdwiQ
ベートーヴェン	ピアノソナタ第26番「告別」	32曲あるソナタのうち、彼が副題を付けたものは「悲愴」と「告別」のみ。「さよならピアノソナタ」というライトノベルの題名の元ネタにもなりました。	https://youtu.be/PlJGliWCDVc
ベートーヴェン	ピアノソナタ第31番	最後から2番目に書かれたソナタです。時間は20分ほどとコンパクトですが、ソナタという枠組みを超越した、深淵な世界を感じることができる傑作です。	https://youtu.be/lPpy5YrhMp4
ベートーヴェン=ルービンシュタイン	トルコ行進曲	劇音楽「アテネの廃墟」の中の一曲にして、ベートーヴェンの作品中で最も知名度の高いものの一つ。原曲に忠実で無駄のない編曲がなされています。	https://youtu.be/E2b_gxK64-E
ペッテション＝ベリエル	フレースエーの花々	スウェーデン国内では有名な作曲家のようです。北欧ののどかな自然が感じられる組曲です。ここではその中から1曲「フレースエーの教会で」を紹介します。	https://youtu.be/4a310E3d5vc
ベッリーニ=フマガッリ	カスタ・ディーヴァ	ベッリーニのオペラ「ノルマ」の中でも特に人気のあるアリア。タイトルは「清らかな女神」という意味。この編曲は、左手独奏のための編曲となっています。	https://youtu.be/x7lsaj53Cz0
ベッリーニ=リスト	ノルマの回想	ベッリーニのオペラ「ノルマ」に出てくるいくつかの主題に基づく作品。かなり派手で規模も大きく、非常に高度な技巧が要求される、リストらしい作品です。	https://youtu.be/XEkDsUrmFC4
ペナリオ	真夜中の断崖	アメリカを代表するピアニスト、レナード・ペナリオの自作曲。映画「影なき恐怖」で使われた曲で、これでもかというくらい音が多い、非常に演奏効果の高い作品です。	https://youtu.be/7UElEWl5DbM
ペパン	虹・氷	ペパンは現代の作曲家です。この作品はコンクールの課題曲として書かれた、フランス印象派やミニマルミュージックの影響を感じる作品です。	https://youtu.be/GTj5HG8xo9I
ペヤチェヴィチ	ピアノソナタ 第1番	ペヤチェヴィチはクロアチアの女流作曲家。3楽章からなりますが、残念ながらyoutubeでは第1楽章しか聴けないようです。非常に力強く男性的な一曲です。	https://youtu.be/4IF2Bd7bH2A
ベルク	ピアノソナタ	十二音技法の創始者、シェーンベルクの弟子である、ベルクの最初の作品。ロ短調と銘打たれていますが、ほとんど無調に近い作品です。単一楽章からなります。	https://youtu.be/aO8zFA7ecdU
ペルト	アリーナのために	エストニアを代表する現代作曲家、アルヴォ・ペルトの作品。非常に音数が少ないのが特徴的な作品です。精選された音の響きが、非常に美しいです。	https://youtu.be/TzIZPZN5K60
ベン=ハイム	ソナチネ	ベン=ハイムはイスラエルを代表する作曲家です。透明感のある近代的で美しい和声と、民族的な旋律が特徴的です。3楽章からなり、特に終楽章はピアニスティックです。	https://youtu.be/IB6xc8j7m9I
ベン=ハイム	5つの小品	ベン=ハイムはイスラエルを代表する作曲家の一人。「牧歌」「間奏曲」「奇想曲」「カンツォーネ」「トッカータ」の5曲からなります。	https://youtu.be/XyaD4jzZGf8
ヘンゼルト	性格的練習曲「もしも私が鳥ならば、あなたのところへ飛んで行くのに」	長い曲名ですね。2分ほどの曲ですが、軽やかで美しい作品です。ヘンゼルトの代表作として知られています。	https://youtu.be/yV9yZKIneM0
ヘンデル	組曲 第5番	ヘンデルがいくつも作曲した組曲の中で、おそらく最も有名なものです。4曲からなり、終曲の「アリアと変奏」は、「調子の良い鍛冶屋」という愛称でも親しまれています。	https://youtu.be/OjeFYoXf_WY
ヘンデル	シャコンヌ ト長調	バロック時代を代表する作曲家、ヘンデルの作品。シャコンヌとは緩やかなテンポが特徴的な3拍子の舞曲で、この作品はヘンデルが作曲したシャコンヌの中で最も人気です。	https://youtu.be/Eu1CDegcHk4
ホヴァネス	2つのガザル Op.36	ガザルとはアラビアの古典的な詩のこと。1曲目は流麗なアルペジオに乗って異国風の旋律が奏されます。2曲目はクラスター風和音を多用した不思議な雰囲気です。	https://youtu.be/Q5kiKXht5pE
ボーウェン	トッカータ	ボーウェンはイギリスを代表する作曲家の一人で、非常に多作なことでも知られています。交互連打などのいわゆる「トッカータ的な」音形を多用した、非常に演奏効果の高い作品。	https://youtu.be/uUA4Sh5qnYM
ボーウェン	愛の夢想	ボーウェンはイギリスの作曲家で、非常に多作な作曲家でもあります。この作品は「3つの小品」という作品の第2曲で、曲名通りの夢想的な雰囲気が素敵な作品です。	https://youtu.be/RrX_HzJGMFI
ホフマン	聖域	ユダヤ系アメリカ人ピアニスト、ヨゼフ・ホフマンの作品。アルペジオが駆使された、華やかで美しい作品です。非常に音数が多く、高度な技巧が要求されます。	https://youtu.be/8cLvxekUaps
ボリス・チャイコフスキー	ピアノソナタ第1番	「白鳥の湖」などで有名なピョートル・チャイコフスキーとは無関係の作曲家です。この作品は初期の作品で、師匠であったショスタコーヴィチの影響を強く感じさせます。	https://youtu.be/2nBKiuSLnrI
ボルコム	The Serpent's Kiss	エデンの園という組曲の第3曲。ラグタイム風の雰囲気で、手を叩いたり口笛を吹いたりするところもある、楽しい曲です。2台ピアノ版もあります。	https://youtu.be/BWm8vV8DdQY
ホルスト	組曲「惑星」より「木星」	クラシックの超定番曲、いわゆる「ジュピター」。もともとオーケストレーションの構想はあったようですが、実は、もとは2台ピアノのために書かれました。	https://youtu.be/BLIj2ssbAf8
ボルトキエヴィチ	前奏曲 Op.33-7	ロシアの作曲家、セルゲイ・ボルトキエヴィチの作品。有名な曲ではありませんが、これほど美しいピアノ曲は、探してもなかなか見つからないと思います。	https://youtu.be/L4vFzZRBrto
ボルトキエヴィチ	ロシアの歌と踊り	連弾のための作品。6曲からなる、ロシア的な民族情緒が色濃い作品です。全曲通しての動画がないので、個人的に特にオススメの第6曲の演奏を紹介します。	https://youtu.be/qW0ajPAMoXE
ボルトキエヴィチ	ピアノソナタ第2番	ロシアの作曲家、ボルトキエヴィチの代表作にして、珍しく大規模な作品。全4楽章からなります。ラフマニノフとショパンを足して2で割ったような作品です。	https://youtu.be/DKg7w5Es9Ck
ボルトキエヴィチ	エレジー	エレジーは日本語では「悲歌」、あるいは「哀歌」と訳されます。美しく切ない旋律が心にしみる一曲です。嬰ハ長調(シャープ7個)という、珍しい調で書かれています。	https://youtu.be/IsY0vp6RSTI
ボルトキエヴィチ	バラード	ロシアの作曲家、ボルトキエヴィチの作品。「バラード」は彼の作品の中では比較的よく演奏されます。ロシア的な陰鬱さと美しさのある名曲。	https://youtu.be/i8bIKUk4dLg
ボロディン=ノアック	ダッタン人の踊り	誰もが知るボロディンの代表作を、ベルギーのピアニスト、フロリアン・ノアックが編曲したもの。管弦楽作品の編曲としては非常に完成度が高いように感じます。	https://youtu.be/G-K8Ei-Pe6w
ボロディン=ノアック	ダッタン人の踊り	ノアックはベルギーのピアニストで、オーケストラ作品の編曲などにも力を入れています。ボロディンの代表作を素晴らしいピアノ編曲でぜひお楽しみください。	https://youtu.be/G-K8Ei-Pe6w
ボンズ	荒れた海	ボンズはアメリカで活躍した、アフリカ系の女性作曲家。ノリの良い特徴的なリズムと、美しいメロディーが特徴的な作品で、主題を変奏させる技法も見事です。	https://youtu.be/qLxlw8kfT_M
ポンセ	メキシコのバラード	メキシコの作曲家、ポンセの作品。南国的な明るい雰囲気に満ちた作品です。終盤では和音連打などを交えて、リストの作品のような派手な盛り上がり方をします。	https://youtu.be/ngeA5LGfhqc
ポンセ	間奏曲 第1番	メキシコを代表する作曲家、ポンセの作品。哀しげな旋律が心を打つ、とても美しい曲です。ギターで演奏されることもあります。	https://youtu.be/PSMLexybmOc
ポンセ	メキシコ狂詩曲 第1番	ポンセはメキシコを代表する作曲家の一人。メキシコの民謡の主題を使った作品で、リストのハンガリー狂詩曲のような非常に派手な作品となっています。	https://youtu.be/C0pS-kH-R84
マギン	トッカータ	打楽器的な技巧を生かした、非常に演奏効果の高い作品。「トッカータ、コラールとフーガ」という作品の最初の部分に当たるようですが、単独で演奏されることが多いようです。	https://youtu.be/2xhBQxd7qRc
マギン	3つのポーランド舞曲	ピアニストとしても活躍したポーランドの現代作曲家、ミロシュ・マギンの作品。「マズルカ」「クヤヴィアク」「オベレック」からなり、非常に演奏効果の高い組曲です。	https://youtu.be/SDrOzwXnT8Q
マクダウェル	ピアノソナタ第2番「英雄」	アメリカの作曲家、マクダウェルが作曲した4曲のピアノソナタの中でも特にカッコイイのがこの第2番。重々しくも勇壮な第1楽章の動画を紹介します。	https://youtu.be/9r1D04SSvoc
マクダウェル	ピアノソナタ第4番「ケルト風」	マクダウェルはケルトの血を引くアメリカの作曲家。ソナタ第4番は、彼が作曲した最後のピアノソナタ。圧倒的な推進力を持つ3楽章をご紹介します。	https://youtu.be/zBgOf__tG1Y
マスネ	狂ったワルツ	ヴァイオリン曲の「タイスの瞑想曲」などで知られるマスネの作品。「狂った」という曲名通り、ものすごい速度で突き進んでいきますが、明るく可愛らしい雰囲気の曲です。	https://youtu.be/Zk49a1z606M
マチャヴァリアニ	ホルミ	ジョージア(旧グルジア)を代表する作曲家、マチャヴァリアニのピアノ作品の中で、おそらく最も名の知れた作品。ホルミとは民族舞踏の名前で、5拍子で書かれています。	https://youtu.be/fH0O6By35LY
マッカートニー=武満徹	ゴールデン・スランバー	ビートルズの楽曲を、武満徹がピアノ用に編曲したもの。ゆったりと歌われるメロディーと、アルペジオの響きが美しい編曲です。	https://youtu.be/vLQybtyB8NY
マルタン	8つのプレリュード	スイスで生まれ、オランダでも活躍したフランク・マルタンの作品。ミリタリー調で推進力に満ちた第8曲の演奏動画をご紹介します。	https://youtu.be/SUx_RZ_tKak
マルティヌー	3つのチェコ舞曲	マルティヌーは20世紀前半のチェコで活躍した作曲家です。3曲ともに派手で演奏効果は高いです。ちなみに、2台ピアノのための同名の作品もあるようです。	https://youtu.be/kSZTWVLqjfU
マルティヌー	楽園の蝶と鳥	マルティヌーは多くのピアノ曲を残しましたが、その中でも特に幻想的で美しい作品です。3曲からなる組曲です。	https://youtu.be/STxwrRTY8gI
ミヨー	スカラムーシュ	2台ピアノのために書かれた、3曲からなる組曲。ミヨーの代表作で、様々な編曲でも親しまれています。サンバのリズムで書かれた第3曲「ブラジルの女」が特に人気です。	https://youtu.be/B3GZvRlblho
ムソルグスキー	涙	「展覧会の絵」で有名なムソルグスキーですが、それ以外のピアノ作品を聴いたことがある人は、ほとんどいないのではないでしょうか。この作品は、非常に素朴で美しい作品です。	https://youtu.be/2cXe4n3inFw
ムソルグスキー	展覧会の絵	ラヴェルによる管弦楽版が有名ですが、原曲はピアノ曲です。友人であった画家のハルトマンの死を悼み、彼の絵画を題材として作曲されました。	https://youtu.be/rH_Rsl7fjok
メーソン・ベイツ	ロマックスへの他愛ない嘘	現代作曲家、メーソン・ベイツによる、近代的で透明感のある響きと、即興的な雰囲気が面白い作品。どうやらコンクールの課題曲として作曲されたようです。	https://youtu.be/G8cZYeD0wCY
メシアン	幼子イエスに注ぐ20の眼差し	メシアンはフランスの現代作曲家で、宗教的な作品を多く残しています。曲集の前半を締めくくる重要な曲である、第10曲「喜びの聖霊の眼差し」を紹介します。	https://youtu.be/Wcq-B2opVDk
メシアン	風の中の反映	初期の作品、8つの前奏曲の第8曲。メシアンは難解な作品が多いですが、初期の作品だけあって、この曲はわかりやすいです。気に入った方はぜひ他の7曲も聴いてみてください。	https://youtu.be/b6cmimBSeaw
メトネル	ピアノ協奏曲 第3番	「バラード」という副題を持つ他、全3楽章とはいえ2楽章が2分しかないなど、ピアノ協奏曲としては変わった作品です。作品番号のある作品の中では最後の作品です。	https://youtu.be/xD3nTLcf8aw
メトネル	ピアノ協奏曲 第2番	円熟期の作品であり、単一楽章の第1番とは違い、オーソドックスな全3楽章からなります。数多あるピアノ協奏曲の中でも傑作の一つに数えられる名作です。	https://youtu.be/f4o5WhtkdJ8
メトネル	即興曲 Op.31-1	3つの小品という作品の第1曲にあたる作品。ロシア音楽らしい、陰鬱で感傷的な側面と、メトネルらしい技巧的で派手な一面を併せ持つ名曲です。	https://youtu.be/NZwt2NUxhjk
メトネル	おとぎ話 Op.51-1	メトネルは「おとぎ話」を何曲も作曲しましたが、その中でも「6つのおとぎ話」Op.51は名曲揃いです。ここでは、技巧的で聴きごたえのある第1曲を紹介します。	https://youtu.be/H3TfA0CvmRA
メトネル	ピアノ協奏曲第1番	ロシア的な濃厚なロマンチズムと圧倒的な迫力に満ちた作品。あまり有名ではありませんが、ぜひ聴いておきたい作品。ピアノ協奏曲にしては珍しく、単一楽章からなります。	https://youtu.be/5g2YAlru2uc
メトネル	夕べの歌	「忘れられた調べ」という曲集の一曲。比較的おとなしい曲想のため、この曲集の中では存在感がある方ではありませんが、少し哀愁を帯びた雰囲気がある、非常に美しい作品です。	https://youtu.be/hZZuEOxYSzE
メトネル	春	「忘れられた調べ」という曲集の一曲。「春」という曲名通り、喜びに満ちた明るい曲想が魅力的な一曲で、この曲集の中では人気があります。メトネルらしい、技巧的な側面も持つ曲です。	https://youtu.be/0-uSYyFSaQM
メトネル	ピアノソナタ第1番	ロシアの作曲家、メトネルの最初期の作品。知名度は低いですが、初期らしい情熱を湛えた、知られざる名曲。対位法的な書法が随所で効果的に使われているのが特徴的です。	https://youtu.be/6FbuH0RIXL4
メトネル	祝祭の踊り	「忘れられた調べ第1集」という組曲の第3曲。この組曲は、全体を通して同じメロディーが使われているのが特徴的。お祭りのように派手で、素朴な明るさがとても素敵な曲です。	https://youtu.be/rbdlOrjOhGY
メトネル	2つのおとぎ話 Op.20	メトネルは「おとぎ話」という曲をいくつか作りました。その中でも人気が高いのが、今回紹介した作品で、特に変ロ短調の第1曲は人気が高いです。	https://youtu.be/-Mhp7lrYjTw
メトネル	悲劇的ソナタ	「忘れられた調べ 第2集」の最後の一曲にあたり、メトネルの数あるピアノ作品の中でも最も人気のある曲の一つです。非常にドラマチックな展開が魅力的な一曲。	https://youtu.be/uv9I5_Puwew
メトネル	4つのおとぎ話 Op.26	メトネルは「おとぎ話」を何曲も作曲しましたが、Op.26は名曲揃いです。親しみやすいメロディーと、メトネルらしいピアニスティックな書法が特徴的です。	https://youtu.be/G6-Hrv220N8
メラルティン	雨	第1曲「我ら二人」で始まり第5曲「孤独」で終わる「悲しみの園」という組曲の第4曲です。冷たい雨に一人打たれているかのような、悲痛な世界観に引き込まれます。	https://youtu.be/0h1kCoBQo0Q
メラルティン	伝説 第2番	フィンランドの作曲家、メラルティンは「伝説」という曲名のピアノ曲を何曲か残しています。この曲は、初期に書かれた、非常に流麗で美しい作品です。	https://youtu.be/kgUAk_xE34g
メラルティン	ピアノソナタ第1番「幻想黙示録」	厨二病を拗らせたような曲名ですが、神学に精通していたメラルティンらしい作品です。単一楽章で17分という大規模な作品。	https://youtu.be/9TJyviVveBE
メンケン=森下唯	美女と野獣	ディズニーの人気曲を、ピアニストの森下唯が編曲したもの。原曲の美しさを損なわず、それでいてピアニスティックな編曲がされています。	https://youtu.be/h1XGWuzaY9o
メンディガリエフ	ドンブラの伝説	メンディガリエフはカザフスタンを代表する作曲家のひとり。この曲はメンディガリエフの代表作の一つで、左右交互連打が全編を支配するのが特徴です。	https://youtu.be/EFGmd0cn4tg
メンディガリエフ	ステップ	カザフスタンの作曲家、メンディガリエフの作品。ステップとは「草原」を意味する言葉で、哀愁の漂う旋律と、左右交互連打を駆使した技巧的な雰囲気が特徴的な作品です。	https://youtu.be/W8u4uAwYxvQ
メンデルスゾーン	アンダンテと華麗なるアレグロ	連弾のための作品。叙情的で美しい前半部と、華やかで技巧的な後半部分からなり、非常に高い演奏効果を持つ作品です。	https://youtu.be/efRT7-r8MSU
メンデルスゾーン	アンダンテ・カンタービレとプレスト・アジタート	穏やかで美しい前半部と技巧的な後半部からなる作品。メンデルスゾーンの代表作、「ロンド・カプリチオーソ」によく似た作品です。	https://youtu.be/h6jhjWR2STY
メンデルスゾーン	二重唱	全48曲からなる無言歌集の中でも、とりわけ美しく人気がある曲です。それにしても、無言歌集のほとんどの曲はメンデルスゾーンによる命名ではない、というのは意外です。	https://youtu.be/2O5fLRKUvNM
メンデルスゾーン	幻想曲「スコットランド・ソナタ」	幻想的な雰囲気の1楽章、牧歌的な2楽章、急速で技巧的な3楽章からなります。13分ほどとソナタとしてはコンパクトですが、非常に多様な要素の詰まった作品です。	https://youtu.be/pBwWqaABJfY
メンデルスゾーン	「夏の名残のばら」による幻想曲	アイルランドの民謡を基にして作曲された曲です。あまり知名度は高くありませんが、メンデルスゾーンらしい穏やかで優しい雰囲気を持つ作品です。	https://youtu.be/G-faLeIomyc
メンデルスゾーン	エレジー	「無言歌集」に含まれる作品。「エレジー」は「悲しい歌」という意味ですが、穏やかで明るい、心温まる名曲です。	https://youtu.be/ZdD7l0VwmKc
メンデルスゾーン	ロンド・カプリチオーソ	メンデルスゾーンらしい美しい旋律とピアニスティックな側面を同時に楽しめる名曲です。前半は穏やかですが、後半は急速なテンポで技巧的になります。	https://youtu.be/yt-lap4E6pU
メンデルスゾーン=ホロヴィッツ	結婚行進曲	あの有名な「結婚行進曲」をリストが編曲したものに、ホロヴィッツがさらに手を加えたもの。超絶技巧の要求される編曲となっており、演奏効果は絶大です。	https://youtu.be/X-Zf4f-R-s8
メンデルスゾーン=リスト	歌の翼に	「歌の翼に」は非常に美しい作品で、メンデルスゾーンの歌曲の中で最も人気があります。リストの手による、華麗でありながら無駄のない編曲も素晴らしいです。	https://youtu.be/RiEXAOrBZPM
モーツァルト	デュポールのメヌエットによる変奏曲	モーツァルトらしい、優雅で可愛らしい変奏曲。チェロ奏者であったデュポールの前で行われた即興演奏を基にして作られた作品だそうです。	https://youtu.be/AuBrk6CKxp0
モーツァルト	ピアノソナタ第8番	全部で18あるピアノソナタのうち、短調で書かれたものは、この第8番と第14番のみです。この曲には、母を亡くした悲しみが込められていると言われています。	https://youtu.be/bZZqSZqJz4Y
モーツァルト=ヴォロドス	トルコ行進曲	ロシアのピアニスト、ヴォロドスがモーツァルトのトルコ行進曲を編曲したもの。並外れた超絶技巧が要求される、宇宙人か何かにしか弾けなさそうな曲です。	https://youtu.be/0qG9PZNJI_k
モーツァルト=ファジル・サイ	トルコ行進曲	あの有名な「トルコ行進曲」を、トルコのピアニスト、ファジル・サイがジャズっぽく編曲したもの。時折現れる、原曲とのコントラストが面白いです。	https://youtu.be/0_Whp1kWZ8Y
モーツァルト=リスト	アヴェ・ヴェルム・コルプス	モーツァルトが最晩年に作曲した賛美歌で、とても美しく人気もある曲です。リストは編曲の際に移調していて、原曲とは違った神聖な雰囲気がしています。	https://youtu.be/HL-hu9yWZRA
モーラン	3つの小品	イギリスの作曲家、アーネスト・モーランの作品。「湖の島」「秋の樹」「馬市にて」の3曲からなります。幻想的で少しノスタルジックな、イギリス音楽らしい作品です。	https://youtu.be/6MGev767MEk
モクラーニャッツ	6つの舞曲	セルビアの作曲家、モクラーニャッツの作品。美しさと激しさを併せ持つ作品で、彼が収集していたセルビアの民族音楽の影響も感じ取られます。	https://youtu.be/N2yTUt2w0V4
モシュコフスキ	スペイン奇想曲	スペイン的な旋法と和声、単音の連打を駆使した、かなり派手な作品です。モシュコフスキの他の作品と同様に、非常に高い演奏効果を持つ作品です。	https://youtu.be/9OArYHNs8FI
モシュコフスキ	火花	モシュコフスキらしい、非常に軽やかで技巧的な作品です。演奏時間は2分ほどと短いですが、モシュコフスキの作品の中では人気があり、比較的よく演奏されます。	https://youtu.be/EpEAs9ArktA
モンサルバーチェ	イベットのためのソナチネ 第3楽章	モンサルバーチェはスペインの現代作曲家です。この曲は彼が娘に献呈した作品で、第3楽章ではとても有名なある曲のメロディーが登場します。	https://youtu.be/jaJJUwFJ2IU
モンポウ	内なる印象	モンポウはスペインの作曲家で、スペイン民謡や技巧的要素を取り入れた作品もありますが、多くの作品は繊細で内省的です。「内なる印象」は9曲からなる初期の傑作です。	https://youtu.be/-r5H7sGkI7k
モンポウ	歌と踊り 第5番	モンポウは歌と踊りという曲を十数曲作曲しましたが、そのうちおそらく最も人気なのがこの5番です。少し陰鬱な歌の部分と、明るく溌剌とした踊りの部分からなります。	https://youtu.be/YgnwoqmcOqo
モンポウ	ショパンの主題による変奏曲	モンポウは近代スペインの作曲家。ショパンの前奏曲第7番(太田胃散のCMで有名なあの曲です)の主題による変奏曲です。非常に長大な作品に仕上がっています。	https://youtu.be/DmGm6hEBbRE
ヤナーチェク	霧の中で	4曲からなる組曲です。作品と曲名には、作曲当時の不安な心情が反映されているとも言われています。調性は少し曖昧で、どこか虚ろで浮遊的な雰囲気を持つ作品です。	https://youtu.be/_lFekGwREs4
ヤナーチェク	草陰の小径 第1集	幼くして亡くなった娘に捧げられた追悼音楽。全10曲からなる組曲です。全曲が詩的な題名を持ち、またスラヴ民謡の旋律を基にして書かれています。	https://youtu.be/WnZY2Xpv9kM
ヤナーチェク	ピアノソナタ 「1905年10月1日 街頭より」	チェコ大学設立を訴え、武装勢力により殺された労働者への追悼作品として作曲されました。「予感」「死」の2楽章よりなります。	https://youtu.be/zUTeiCby33k
ヨハン・シュトラウス2世=シフラ	トリッチ・トラッチ・ポルカ	運動会などで流れることも多いため、知名度の高いこの曲ですが、シフラの手により編曲されています。並外れた超絶技巧が要求されます。	https://youtu.be/abdUjh6yo8E
ヨハンセン	組曲 第1番 「ノルランの情景」	ノルウェーの作曲家、ヨハンセンの初期の作品。4曲目の「先祖の山に向かって」がとても美しいので紹介しますが、他の曲も面白いのでぜひ聴いてみてください。	https://youtu.be/sN0NEtuOf-A
ラ・モンテ・ヤング	Terry Rileyのためのピアノ音楽 第1番	ピアノを壁に向かって押し続けるという作品。演奏者が疲れ切ってピアノを押せなくなったら演奏は終了します。	https://youtu.be/ODOKi6oY7Fs
ラ・モンテ・ヤング	David Tudorのためのピアノ作品 第1番	藁をピアノに食べさせるという作品です。ピアノが藁を食べ終えるか、食べないと決めたら演奏は終了します。	https://youtu.be/G4P0qCqDqug
ライヒ	ピアノ・フェイズ	2台ピアノのための作品。非常に短い音列を2人で同時に弾き始め、片方が少しずつテンポをずらしていって一周するまで弾き続ける、という非常に興味深い作品です。	https://youtu.be/i0345c6zNfM
ラヴェル	マ・メール・ロワ	5曲からなる組曲。派手さはないものの、ラヴェルらしい美しさが凝縮された作品のような気がします。連弾版を紹介しますが、ピアノ独奏版やオーケストラ版もあります。	https://youtu.be/JEC_XGjgluo
ラヴェル	ラ・ヴァルス	ヨハン・シュトラウスの作品に代表されるような、19世紀のワルツへのオマージュとして書かれた作品。もとはオーケストラ作品ですが、作曲者によりピアノ編曲されました。	https://youtu.be/ghY2ak8YoBM
ラヴェル	水の戯れ	ラヴェルらしい近代的で美しい響きが特徴的な、水という捉えにくい対象を描いた傑作。ちなみに「水の戯れ」は誤訳で、「噴水」という訳が正しいとも言われています。	https://youtu.be/jnKFIp7CahY
ラヴェル	左手のための協奏曲	戦争で右手を失ったピアニストの依頼によって書かれた作品。個人的には、オーケストラの効果的な使い方など、ラヴェルの天才っぷりが最も現れている作品だと感じます。	https://youtu.be/gjiSSWubIuU
ラヴェル	夜のガスパール	「オンディーヌ」「絞首台」「スカルボ」の3曲から構成される、ピアノの最難曲と言われることもある作品。ちなみにこのbotのヘッダーは「オンディーヌ」の楽譜です。	https://youtu.be/hKgcHjq1xKQ
ラヴェル	グロテスクなセレナード	ラヴェルの最初期のピアノ作品。4分ほどの小品ですが、後に書かれた「スペイン狂詩曲」や「道化師の朝の歌」などと同様に、スペイン的な情緒が色濃い作品です。	https://youtu.be/6yRfloZR-6w
ラヴェル	鏡	「ソナチネ」と同年に書かれたとは思えない、印象主義的な作品。第3曲「洋上の小舟」や第4曲「道化師の朝の歌」ばかり弾かれるので、あえて第2曲の「悲しい鳥」を紹介しておきます。	https://youtu.be/rGNkezA1wgQ
ラヴェル	ボロディン風に	2分ほどの小品ですが、温かみのある美しさを湛えた名曲です。ちなみにボロディンとは作曲家の名前で、ピアノ曲も書いていますので、そちらもぜひ聴いてみてください。	https://youtu.be/944OIY1F5fg
ラヴェル	ソナチネ	ラヴェルの初期の作品です。3楽章からなりますが全体的にコンパクトで、非常に古典的な形式と、ラヴェルらしい近代的な和声感の融合によって生まれた傑作です。	https://youtu.be/fynAXPALdhE
ラヴェル	メヌエット 嬰ハ短調	おそらくラヴェルの全てのピアノ作品の中で最もマイナーな作品です。楽譜は1ページ、演奏時間も1分に満たないような小曲ですが、ラヴェルらしい美しさがあります。	https://youtu.be/zfcXyjpADQM
ラヴェル=グリャズノフ	「ダフニスとクロエ」第2組曲	2台ピアノのための編曲作品。原作のバレエの方では終盤で連続して演奏される、「夜明け」「パントマイム」「全員の踊り」の3曲からなります。	https://youtu.be/VeHCFsjQr8o
ラウタヴァーラ	ピアノ協奏曲第1番	フィンランドの現代作曲家、ラウタヴァーラの作品。クラスターが効果的に多用されており、彼の才能が遺憾無く発揮された傑作だと思います。演奏効果は絶大。	https://youtu.be/JFIGoB7rK70
ラウタヴァーラ	ピアノソナタ第2番「火の説法」	ラウタヴァーラはフィンランドの現代作曲家。全3楽章が10分ほどにまとまっておりコンパクトでありながら、表現的に非常に多様で面白い作品です。	https://youtu.be/8wSNSk97hEY
ラギーゼ	ロンド・トッカータ	レバス・ラギーゼはジョージア(旧グルジア)の作曲家。民族音楽な要素もある急速なトッカータです。非常にマイナーな曲ですが、派手でかなりカッコいい曲です。	https://youtu.be/RSD_YCLMt24
ラビ	アースビーツ	ガーナの作曲家、ラビの作品。直訳すると「大地の鼓動」といった意味合いでしょうか。アフリカの民族音楽のような、推進力とエネルギーに満ちた作品です。	https://youtu.be/lLh1-zEw32w
ラフマニノフ	断片 	2分ほどの小品で、遺作として出版されました。時期としては亡命する直前に書かれた作品のようです。流麗でありながら、少し儚げな雰囲気のある作品です。	https://youtu.be/n81fnylYxwI
ラフマニノフ	楽興の時 第4番	楽興の時は初期に書かれた6曲からなる組曲で、その中でも特に人気のあるのが第4番です。これほどカッコいいピアノ曲は探してもなかなかないでしょう。	https://youtu.be/WhLDse5R8dQ
ラフマニノフ	前奏曲 Op.23-4	10の前奏曲 Op.23の中の1曲。ラフマニノフらしい、甘美で息の長い旋律が魅力的な一曲で、ラフマニノフの作品の中でも特に人気のあるものの一つです。	https://youtu.be/_VCkuCVK2Pg
ラフマニノフ	ピアノ協奏曲第1番	Op.1と最初期の作品ながら、完成度の高い傑作。第2番と第3番の陰に隠れてしまっていますが、密かにファンも多いです。	https://youtu.be/F7a9K4lvVn8
ラフマニノフ	ピアノ協奏曲第3番	世間一般的には第2番の陰に隠れてしまっている感じがしますが、第2番に並ぶ、ラフマニノフの最高傑作のひとつでしょう。技巧的に非常に難しいことでも有名。	https://youtu.be/MOOfoW5_2iE
ラフマニノフ	交響的舞曲	オーケストラ版や吹奏楽版も有名ですが、もとは2台ピアノのための作品です。3楽章からなる作品で、この作品がラフマニノフの最後の作品となりました。	https://youtu.be/IqEzgr5ol6M
ラフマニノフ	タランテラ	4曲からなる「2台ピアノのための組曲」の第4曲です。タランテラとはイタリアを起源とする急速な舞曲で、ラフマニノフらしい重厚さも相まって、非常にカッコいいです。	https://youtu.be/5Zjt9QTj6V8
ラフマニノフ	ピアノソナタ第2番	ラフマニノフのピアノ作品の最高傑作といって間違いない作品。原典版、改訂版、ホロヴィッツ編曲版の3つがあります。ちなみにこのbotのアイコンの画像です。	https://youtu.be/EEZBu_6N0KM
ラフマニノフ	ピアノソナタ第1番	第2番と比べれば圧倒的に知名度が低い作品ですが、第1番には第1番の良さがあるように感じます。圧倒的なスピード感と推進力を持つ第3楽章の動画を紹介します。	https://youtu.be/JdMT40vopfA
ラフマニノフ	リラの花	「12のロマンス」という歌曲集の第5曲からの編曲です。リラの花はライラックとも呼ばれ、薄紫色の花を咲かせます。ラフマニノフらしい美しい旋律とハーモニーが素敵です。	https://youtu.be/T12cRJ7cSfs
ラフマニノフ	コレルリの主題による変奏曲	リストの「スペイン狂詩曲」などでも使われている「フォリア」の主題による変奏曲。ラフマニノフがアメリカに亡命してから書かれた唯一のピアノ曲。	https://youtu.be/vZTSzvcW9q8
ラフマニノフ	フーガ ニ短調	近年になって楽譜が発見された、ラフマニノフのピアノ作品の中でもかなりマイナーな作品。非常に疾走感のある曲で、途中で「楽興の時」第4番のメロディーが登場します。	https://youtu.be/zNHo1CEOPKQ
ラフマニノフ	ここは素晴らしいところ	原曲は12のロマンスという歌曲集の第7曲にあたる曲で、ピアノ編曲版の楽譜がいくつか存在しています。2分と短い曲ですが、非常に美しい旋律が魅力的です。	https://youtu.be/LcFhW1jBqOU
ラフマニノフ	音の絵 Op.39-9	音の絵 Op.39の終曲。短調の曲が8曲続いた後に配置されており、「東洋風行進曲」という俗称でも知られています。華々しく組曲を締めくくる名曲です。	https://youtu.be/Ivkvci-TcNM
ラフマニノフ	音の絵 Op.39-5	音の絵の中でも、特に人気のある作品のある一つ。和音の連打を多用した激情的な作品で、そうした特徴からもスクリャービンの作品との共通点を指摘される作品です。	https://youtu.be/0OhIcSdC6zA
ラフマニノフ	音の絵 Op.39-8	音の絵 Op.39の終曲の一つ前に配置された、暗くも流麗で美しい作品。右手の重音のための練習曲でもあり、随所に魅力的な和音が響きます。	https://youtu.be/nbQgPujxh38
ラフマニノフ	音の絵 Op.39-6	「赤ずきんと狼」の俗称で知られる、非常に技巧的なことでも有名な作品。不気味な雰囲気の、迫りくる恐怖を音にしたような作品となっています。	https://youtu.be/TWnHz5LirN0
ラフマニノフ=グリャズノフ	イタリアン・ポルカ	もとはピアノ連弾のための作品。全体的には陰鬱な雰囲気でありながら軽快で派手な作品。イタリアで聴いた辻音楽師の演奏を元にして作曲されたそうです。	https://youtu.be/YmSDDslA__M
ラフマニノフ=トリフォノフ	合唱交響曲「鐘」	有名な前奏曲「鐘」とは全く別の作品です。原曲は独唱と合唱を伴う4楽章制の交響曲ですが、トリフォノフは第1楽章「銀の鐘」を編曲し演奏しています。	https://youtu.be/ON_69k644Tg
ラフマニノフ=リチャードソン	ヴォカリーズ	もとは歌曲で、ラフマニノフの作品の中でも特に人気が高いものの一つです。リチャードソンの他に、コシチュやワイルドによる編曲も有名です。	https://youtu.be/YvXOjl2HkjQ
ラモー	ガヴォットと6つのドゥーブル	バロック時代らしい、音の少なさゆえの美しさがあり、技巧的にも聴き映えのする変奏曲です。新クラヴサン組曲集 第1番の終曲にあたる作品です。	https://youtu.be/WVQEaLO9ZKw
ラモー=ゴドフスキー	タンブーラン	フランスのバロック時代を代表する作曲家、ラモーの代表作を、ゴドフスキーが編曲したもの。対位法を好んだ彼らしい編曲は、バロック音楽とは相性がいい気がします。	https://youtu.be/cXl3CoKaoEg
ラレグラ	ビバ・ナバラ！	スペインの作曲家、ホアキン・ラレグラは多数のピアノ作品を残しましたが、この作品が圧倒的に人気なようです。ナバラとは地名で、曲名は「ナバラ万歳！」といった意味です。	https://youtu.be/CG9F-2JlFss
ランゴー	昆虫館	9曲からなる作品で、全ての曲の曲名に虫の名前が入っています。昆虫をピアノで描写的に表現したような作品で、非常に興味深く面白い作品です。	https://youtu.be/8RF4LMxJ088
ランゴー	生活に疲れたキリストの花嫁	ランゴーは「昆虫館」など複雑怪奇なものから、シンプルで美しいものまで多様な作品を残しています。この作品は曲名こそ謎なものの、美しくピアニスティックな小品です。	https://youtu.be/tN04GxWMcGY
リーバーマン	ガーゴイル	アメリカの現代作曲家、ロウェル・リーバーマンの代表作。短い4曲からなり、4曲で9分ほどになります。第1曲と第4曲はミリタリー調な感じで、なかなかカッコいいです。	https://youtu.be/M2cr9BhJ0QQ
リゲティ	「ムジカ・リチェルカータ」 より 第1曲	11曲からなるリゲティの代表作の第1曲。最後に現れるレの音を除けば、すべての音がラだけで構成されるという、非常に面白い作品です。	https://youtu.be/-Y3O2YFmhpc
リスト	メフィストワルツ第1番 「村の居酒屋での踊り」	リストの作品の中でも特に人気の作品の一つ。レーナウがファウストを題材にして書いた詩が題材となっている、描写的かつ技巧的な作品です。	https://youtu.be/6fiDT1ZkdYo
リスト	エステ荘の噴水	「巡礼の年」の中の1曲。若い頃の超絶技巧的な作風は鳴りを潜め、新たな音響効果への試みが感じられます。ラヴェルの「水の戯れ」に影響を与えたとも言われています。	https://youtu.be/IVV3blYA0Yw
リスト	幻影	12曲からなる「超絶技巧練習曲集」の第6曲。この曲集の中では人気のある作品とは言い難いですが、アルペジオを主体とした、非常に重苦しい雰囲気が味わい深い作品です。	https://youtu.be/8jRR5n5XTVo
リスト	死の舞踏	ラフマニノフなども好んで引用した「怒りの日」の主題によるパラフレーズ。もともとはオーケストラとピアノのための作品ということもあり、並外れた技術が求められます。	https://youtu.be/B2RWDiHlRPg
リスト	スペイン狂詩曲	ハンガリー狂詩曲と同じような形式で書かれた作品で、フォリアとホタ・アラゴネーザという2つのスペインの舞曲の主題が用いられています。非常に派手で技巧的な作品です。	https://youtu.be/Pf12I4w3IxE
リスト	愛の讃歌	「詩的で宗教的な調べ」の中の1曲。リストの宗教的な面が反映された作品で、若い頃の技巧が全開の作品とは全く違う落ち着いた雰囲気の、美しいメロディーが魅力的な作品です。	https://youtu.be/vzHraNCqGIQ
リスト	パガニーニによる超絶技巧練習曲 第3番「ラ・カンパネラ」	リストの代表作、「パガニーニによる大練習曲」の初版。通称は「パガ超」。普通の方で飽き足らない人はぜひ挑戦してみてください。	https://youtu.be/LNTJyUeEL-c
リスト	メフィスト・ワルツ第2番	第1番の陰に隠れてほとんど演奏されることがありませんが、実はメフィスト・ワルツは第4番まであります。意外と録音も多く、隠れた名曲なのかもしれません。	https://youtu.be/9n-GrOpTOjs
リスト	ドン・ジョバンニの回想	モーツァルトのオペラ「ドン・ジョバンニ」をもとにした編曲作品。超絶技巧が前面に押し出された、非常に派手な作品です。リスト自身による2台ピアノ版もあります。	https://youtu.be/LUoShXk1jXM
リスト	孤独の中の神の祝福	「詩的で宗教的な調べ」という曲集の一曲。宗教的な性格を持つ傑作です。リストは派手で中身のない曲しか書いていないと思っている人には、ぜひおすすめしたい一曲です。	https://youtu.be/K03xMG7fdQ4
リスト	悲愴協奏曲	協奏曲と銘打たれていますが、2台ピアノのための作品です。リストらしい大規模で派手な作品です。大演奏会用独奏曲(S.176)という曲が原曲のようです。	https://youtu.be/-yHrq62PLUc
リスト	「巡礼の年 第1年」より「オーベルマンの谷」	組曲の1曲でありながら、単独で取り上げられることも多い大作です。セナンクールの「オーベルマン」に着想を得た、非常に感動的な作品です。	https://youtu.be/BZ2AqIzHSQw
リスト	「アテネの廃墟」によるトルコ風奇想曲	原曲はベートーヴェンの「トルコ行進曲」。リストの作品の中では有名ではないのですが、もっと有名になってもいいと思っているのは私だけでしょうか？	https://youtu.be/UJGQGU_Azlg
リスト	バラード第2番	リストの曲というと、派手なだけで中身が全くない、というように言う人もいますが、この「バラード2番」は、ドラマチックな展開を持つ、非常に密度の濃い作品です。	https://youtu.be/OVI1M_3-LDg
リスト	忘れられたワルツ第1番	ショパンのワルツのような可愛らしい作品です。忘れられたワルツは4番までありますが、2番以降はほとんど演奏されることがなく、文字通り「忘れられた」ワルツです。	https://youtu.be/5mC4PpAcnAI
リスト	半音階的大ギャロップ	軽快なリズムと半音階的なメロディーが特徴的な作品。ハンガリーのピアニスト、シフラによる演奏が有名。難曲が多いことで知られるリストの曲の中でも特に難しそうです。	https://youtu.be/tq3FITI2pU0
リスト	忘れられたワルツ第3番	演奏される機会は少ないですが、夢想的な雰囲気と、少し後期作品に近いような響きが特徴的な作品です。難曲で有名なリストのまた違った側面を見られる作品です。	https://youtu.be/hCXQ7v1y2Qc
リスト	ペトラルカのソネット第104番	巡礼の年 第2年「イタリア」に含まれる作品。イタリアの詩人、ペトラルカの詩を題材にしており、恋の喜びと苦しみの両面を歌う内容になっております。	https://youtu.be/5ngdRR4a8EI
リスト=アムラン	ハンガリー狂詩曲第2番	リストの代表作の一つ。アムランは終盤のカデンツァ部分を自作しています。有名な曲だから知っているという方も、ぜひ聴いてみてください。(動画の8:25~)	https://youtu.be/pIMzL2-4bjg
リスト=ジチー	愛の夢 第3番	ジチーはハンガリーの隻腕のピアニストで、左手のための編曲をいくつも残しました。音楽的に自然に弾くには少し難があるかもしれませんが、上手く弾けば名編曲だと思います。	https://youtu.be/hljHSqd4IPk
リムスキー・コルサコフ=シフラ	熊蜂の飛行	他のシフラの編曲作品の例に漏れず、非常に高度な技巧が要求されます。もっと普通の編曲がいいという人には、ラフマニノフ編曲のこの曲をお勧めします。	https://youtu.be/8alxBofd_eQ
リムスキー=コルサコフ	ピアノ協奏曲	3つの部分からなりますが、単一楽章として書かれた作品です。本人も認めていたようにリストの影響は顕著ですが、ロシア音楽ならではの美しさがあります。	https://youtu.be/zT0L5Crjwtg
リャードフ	舟歌	ロシアの作曲家、リャードフのピアノ曲の中で、おそらく最も人気のある曲。同じ嬰ヘ長調で書かれた、ショパンの「舟歌」に勝るとも劣らぬ名作。非常に甘美な旋律が魅力的な一曲です。	https://youtu.be/VD-Lua77LUY
リャードフ	前奏曲 Op.11-1	リャードフのピアノ作品の中では、比較的人気のある作品。3分ほどの小品ですが、リャードフらしい旋律の美しさと、ロシア的な物憂げな寂しさが魅力的な作品です。	https://youtu.be/spyf_xFuS2A
リャプノフ	ウクライナの主題による狂詩曲	実質、単一楽章からなるピアノ協奏曲。ロシア的な濃厚なロマンチズムと、ピアノの華麗な技巧が特徴的。特に終盤など、圧倒的な演奏効果を持つ作品です。	https://youtu.be/dzR-c4ELTOs
リャプノフ	降臨祭	4曲からなる組曲です。リストへのオマージュとして書かれた「超絶技巧練習曲集」などで有名なリャプノフですが、この作品は美しく可愛らしい作品で、クリスマスにはぴったりです。	https://youtu.be/T50_3Mwjgu4
リャプノフ	グルジアの主題による変奏曲	民族的で非常に美しい主題による変奏曲です。終盤は技巧的で派手になり、聴くものを魅了します。比較的大きな規模の作品で、演奏時間は12分ほどになります。	https://youtu.be/ST3KxaHXw1k
リャプノフ	ロシアの主題による変奏曲	ロシアの民謡を主題とする変奏曲で、後半ではフーガが展開されます。リャプノフの最高傑作の一つだと言ってもよいでしょう。	https://youtu.be/0wNpDky9KiY
リャプノフ	ブィリーナ	超絶技巧練習曲集の第8曲。「ブィリーナ」とはロシアに伝わる英雄叙事詩のようです。変奏曲の形式をとる作品で、「物語」という曲名で呼ばれることもあります。	https://youtu.be/ChoTngdCWfI
リャプノフ	嵐	ロシアの作曲家、リャプノフがリストに影響されて作曲した、12の超絶技巧練習曲の第6曲。鍵盤上の幅広い音域を駆け回る、まさに嵐のような曲です。	https://youtu.be/LeKQ7c91wGQ
リャプノフ	レズギンカ	リャプノフがリストに触発されて書いた「超絶技巧練習曲集」の第10曲。曲集中で最も有名です。レズギンカとはコーカサス地方の舞曲の名前で、急速なテンポが特徴的です。	https://youtu.be/YNjd8C5JeJw
リンコ	アリア Op.1-4	フィンランドの作曲家、リンコの作品。「古典で優雅な組曲」の第4曲ですが、アリアだけが有名になっているようです。マイナーですが、心が洗われるような名曲です。	https://youtu.be/_R4V8EvCuuI
ルィセンコ	ドゥムカ=シュムカ	「ウクライナ狂詩曲 第2番」という副題も付けられており、リストの「ハンガリー狂詩曲」の影響も伺えます。第1番と同じく派手な作品ですが、こちらの方がコンパクトです。	https://youtu.be/AwNU_JlJxq0
ルィセンコ	ウクライナ狂詩曲 第1番	ウクライナの音楽の父、ルィセンコの作品。ウクライナの民謡をモチーフにしてリストの「ハンガリー狂詩曲」の形式で書かれた、ピアニスティックな作品です。	https://youtu.be/EBLLi-gmcNI
ルエダ	メフィスト	スペインの現代作曲家、ヘスス・ルエダの作品。メフィストとは悪魔メフィストフェレスのことで、曲名通りの悪魔的な雰囲気の曲です。現代曲にしては聴きやすい方だと思います。	https://youtu.be/7LZukCD_3H4
ルトスワフスキ	パガニーニによる変奏曲	2台ピアノのための作品。リストの「主題と変奏」などと同様に、パガニーニの「カプリス24番」を原曲としています。非常に演奏効果の高い作品です。	https://youtu.be/omuZF6oaCnw
ルビンシテイン	2つのメロディー	ロシアの作曲家、ルビンシテインの作品。初期に書かれた作品でありながら、代表作として知られており、特に第1曲は演奏機会が多いです。	https://youtu.be/N2UJXn0fNi4
レーガー	バッハの主題による変奏曲とフーガ	レーガーの代表作にして、主題と14の変奏およびフーガからなる長大な作品。主題はバッハのカンタータ「ただキリストの昇天によりてのみ」に基づきます。	https://youtu.be/dqoOWQsPCY8
レクオーナ	グリッサンドのマズルカ	キューバの作曲家、レクオーナの作品。タイトル通り、グリッサンドを多用しています。少しポピュラー音楽のような雰囲気もあり、面白い作品です。	https://youtu.be/GPgnEWdRsqM
レクオーナ	ヒタネリアス	スペイン組曲「アンダルシア」という組曲の第4曲。「ヒタネリアス」とは「ジプシーの」という意味です。急速なテンポで奏される、非常にジプシー的な性格の強い曲です。	https://youtu.be/Il-3Qv1VSj4
レクオーナ	コルドバ	レクオーナはキューバを代表する作曲家。この曲はスペイン組曲「アンダルシア」という組曲の第1曲にあたる作品で、スペイン的な哀愁に満ちた、美しい曲です。	https://youtu.be/zkhFJBz-jH4
レクオーナ	マラゲーニャ	スペイン組曲「アンダルシア」という組曲の終曲で、演奏効果が非常に高いことから、単独で取り上げられることも多い作品です。スペイン情緒溢れる、レクオーナの代表作です。	https://youtu.be/k4Ii-RZDj2c
レスピーギ	グレゴリオ聖歌による3つの前奏曲	「ローマ三部作」などのオーケストラ作品で有名なレスピーギですが、実はピアノ作品も残しています。古いローマのような雰囲気を感じる作品です。	https://youtu.be/y0NcE0XzPLA
レビコフ	ワルツ	歌劇「クリスマス・ツリー」の1曲を、作曲者自らが編曲したもので、レビコフの代表作として知られています。小品ですが、ロシア的な少し翳りのある雰囲気が素敵です。	https://youtu.be/1efr814wos0
ローゼンブラット	「白鳥の湖」による幻想曲	全5楽章からなる大作。第4楽章「メインテーマ」をご紹介します。おそらく「白鳥の湖」の中で最も有名な曲である「情景」を原曲とする技巧的な編曲です。	https://youtu.be/9onhqQGH1lo
ローゼンブラット	クリスマス幻想曲	いわゆるクリスマス・ソングが、ローゼンブラットらしい面白い和声や技巧を駆使した編曲で、次々と登場します。クリスマスにぴったりの作品です。	https://youtu.be/cE-WGl50Yc0
ローゼンブラット	不思議の国のアリス	2台ピアノのための作品。世間的にも有名であろう曲がたくさん出てくる、コミカルでパロディ的な作品です。ローゼンブラットらしい、演奏効果も高い作品です。	https://youtu.be/qgzN6a50mYQ
ローゼンブラット	2つのロシアの主題によるコンチェルティーノ	連弾のための作品。ロシア民謡「カリンカ」と「モスクワの夜」のメロディーが登場します。派手で演奏効果が非常に高い作品です。	https://youtu.be/KK6gnfIGvPc
ローゼンブラット	パガニーニ変奏曲	ローゼンブラットらしい、少しジャズっぽくて現代的な響きのするアレンジが面白い作品です。10の変奏とフーガからなる作品で、演奏効果は抜群です。	https://youtu.be/ajX4WcoomQQ
ローゼンブラット	鉄腕アトムによる幻想曲	手塚治虫の漫画「鉄腕アトム」のアニメ版の主題歌を、ロシアの作曲家、ローゼンブラットが編曲したもの。原曲と全く違う曲調に変化していて、面白いです。	https://youtu.be/uM8ZKx0Gcnw
ローゼンブラット	前奏曲とラテン風フーガ	バッハに始まる「前奏曲とフーガ」という形式は、時代とともに形を変えつつ今でも健在です。この曲は2012年に作曲された、ラテンなノリが魅力的な1曲です。	https://youtu.be/l3l2wJGFXqs
ローレム	ピアノソナタ第1番	ネッド・ローレムはアメリカの現代作曲家。現代といっても前衛的で難解ではなく、透明感のある美しい音楽です。終楽章である第3楽章「トッカータ」の動画を紹介します。	https://youtu.be/o5K_kCqUsyU
ロクスバラ	氷の下の反映	「ドビュッシーへのオマージュ」という組曲の1曲。透徹の氷の世界を描写的に表現しています。現代曲なので聴きやすくはないですが、面白い作品です。	https://youtu.be/yGbpy0VUVn8
ロッシーニ=リスト	ウィリアム・テル序曲	4部からなる作品で、最後の「行進曲」は運動会でおなじみの有名曲です。リストらしい、シンプルな技巧だけで勝負した編曲です。	https://youtu.be/hMqYN538i8s
ロドリーゴ	アマポーラの踊り	「アランフェス協奏曲」などで有名なスペインの作曲家、ホアキン・ロドリーゴの作品。アマポーラとはスペイン語でヒナゲシのこと。明るく華やかな作品です。	https://youtu.be/j-7lGObezAo
ロドリーゴ	バレンシアの踊り	スペインの作曲家、ホアキン・ロドリーゴの作品。「4つの小品」という作品の第4曲にあたる作品です。明るい雰囲気とノリの良いリズムがとても魅力的な一曲です。	https://youtu.be/tGwcJct1rbU
ワーグナー	M公爵夫人のアルバムに	ワーグナーというとオペラなどのオーケストラ作品が有名で、ピアノ作品はほとんど知られていません。3分もない小品ですが、流麗で非常に美しい作品です。	https://youtu.be/VDhul7bCB60
ワーグナー	ポロネーズ	「楽劇王」として知られるワーグナーですが、意外にもピアノ曲もいくつか作曲しています。無邪気で明るい雰囲気の作品です。ピアノ連弾版と独奏版の2つがあります。	https://youtu.be/fCt-R9P8slE
ワーグナー=タウジッヒ	ワルキューレの騎行	「楽劇王」ワーグナーの代表作、「ワルキューレの騎行」を、ポーランドの作曲家、タウジッヒが編曲したもの。編曲に少し無理がある気もしますが...。	https://youtu.be/hQ5GL6M3S8A
ワイセンベルク	四月のパリで	フランスのシャンソン歌手、シャルル・トレネが歌った作品のいくつかを、ピアニストのワイセンベルクが編曲したものの一つ。華やかで美しい編曲に仕上がっています。	https://youtu.be/8MP6n69NCjY
伊藤康英	琉球幻想曲	連弾のための作品。東洋音楽に伝統的な五音音階を基調にして書かれている、琉球らしい雰囲気の曲です。演奏時間は3分ほどと短いですが、非常に派手で演奏効果が高い作品です。	https://youtu.be/ebjOP1xc0yM
伊福部昭	ピアノ組曲	日本的な性格が非常に強い作品で、「盆踊り」「七夕」「演伶(ながし)」「佞武多(ねぶた)」の4曲からなります。19歳で書いたとはとても思えない、完成度の高い作品です。	https://youtu.be/XYCspgVhsW0
一柳慧	ピアノメディア	一柳慧は、アメリカの実験音楽の影響を強く受けた、日本を代表する現代作曲家の一人。ピアノメディアは彼の代表作であり、非常に現代的な響きのする曲です。	https://youtu.be/xus4APJcELw
奥村一	音戸の舟歌	奥村一は日本を代表する作曲家の一人。オリジナル作品では強烈な不協和音を使うことも多いですが、民謡の編曲に際しては、非常に洗練された美しい編曲をしています。	https://youtu.be/izCwJio2KOU
奥村一	屋台ばやし	二台ピアノのための作品。曲名通りの、日本的な雰囲気を持つ作品です。和音連打が多用されている、激しく推進力に満ちた作品で、非常に聴きごたえがあります。	https://youtu.be/sRuHSGv_9rg
横山幸雄	アヴェ・マリア バッハ=グノーの主題による即興	ピアニストの横山幸雄が、グノーの「アヴェ・マリア」を編曲したもの。原曲の雰囲気は損なわずに技巧的な要素も組み込まれた、名編曲です。	https://youtu.be/BwV-jdBhZuU
王建中	百鳥朝鳳	曲名は「多くの鳥たちが鳳凰(=皇帝の暗示)に謁見する」という意味だそうです。明るく華やかな作品です。中国では有名な曲のようで、様々な楽器で演奏されています。	https://youtu.be/IuvC_GLoxt4
王建中	彩雲追月	おそらく原曲は中国の民謡か何かだと思われます。東洋の伝統的な音階、五音音階によって書かれています。穏やかで美しい旋律が魅力的な一曲です。	https://youtu.be/Z-EZTdVJmVQ
王建中	瀏陽河	もとは民謡か何かのようですが、中国の作曲家、王建中によってピアノ用に編曲されたものです。非常に東洋的で美しい曲が、ピアニスティックな編曲により魅力を増しています。	https://youtu.be/TEmst1WVTlk
花村光浩	プレリュード 水底にゆらぐ影	ドビュッシーなどが好んで使った全音音階が多用されている、少し現代的な響きが面白い曲です。冬の屈斜路湖の情景に触発されて作曲されたそうです。	https://youtu.be/I2Vd5LwPY1w
芥川也寸志	24の前奏曲	子どものための作品で、オクターブが届かなくても弾けるように書かれています。1979年の作品ですが、難解な現代曲ではなく、メロディーの美しい作品が多いです。	https://youtu.be/JMHr2MEsOU4
吉松隆	プレイアデス舞曲集Ⅶ	吉松隆は日本を代表する現代作曲家の一人。プレイアデス舞曲集は、近代的な美しい和声が魅力的な作品群です。中の人も特に好きな7番の抜粋での演奏を紹介します。	https://youtu.be/pBHZpI1EHP0
吉松隆	カッチーニのアヴェ・マリア	左手のための3つの聖歌という作品の1曲です。左手だけで弾いているとは思えない豊かな響きのする作品です。原曲の合唱とはまた違った感動があります。	https://youtu.be/_fkc2BT5Ca8
吉松隆	風のトッカータ	左手のピアニスト、舘野泉に献呈された、「タピオラ幻影」という左手独奏のための組曲の第5曲。この組曲は他の曲も素敵なのですが、残念ながら演奏は少ないようです。	https://youtu.be/X5Q_z5sUuF8
吉松隆	3つのワルツ	「緑のワルツ」「虹色の薔薇のワルツ」「ベルベット・ワルツ」の3曲からなります。透明感のある響きがとても美しい作品です。	https://youtu.be/yFCzaLltDCY
宮川泰=宮川彬良	宇宙戦艦ヤマト	アニメ「宇宙戦艦ヤマト」の主題歌を、作曲者の息子である宮川彬良が2台ピアノのために編曲したもの。そこそこピアニスティックな編曲です。	https://youtu.be/dmJKA0xpMc0
橋本國彦	日本狂詩曲	20世紀前半に活躍した日本の作曲家、橋本國彦の作品。日本的なメロディーやリズムと、随所で効果的に近代的な和声が使われているのが特徴的で面白い作品です。	https://youtu.be/W2n_C9g--VA
近藤浩平	南の海に小舟にて漕ぎ出せ	山の作曲家、近藤浩平は自然を題材にした作品を多く作曲していて、左手のためのピアノ作品を多く書いているのも特徴です。左手だけとは思えない豊かな響きのする作品です。	https://youtu.be/-Y1CqIRjOnE
向井響	鶯あけの明星に	いしかわ国際ピアノコンクールの課題曲として作曲され、曲名は泉鏡花の俳句から引用されました。現代曲らしく難解な部分と、美しく幻想的な部分の対比が面白いです。邦人曲としては中の人イチオシ。	https://youtu.be/u01j0KYILeY
高橋由紀	Sparkling Waves	高音域のメロディーとアルペジオが非常に美しい作品です。作曲者はコンクールの課題曲なども多く手がけており、技術的な側面も意識された作品となっています。	https://youtu.be/K7Mwx874RM4
轟千尋	「おぼろ月夜」の主題による幻想曲	文部省唱歌の「おぼろ月夜」のピアノ編曲です。原曲の優しい雰囲気はそのままに、ピアノという楽器の能力も引き出せる編曲となっています。	https://youtu.be/i5x6UT0vCzo
今井聡	ロンド・コンチェルタンテ	今井聡は吹奏楽の作品などを多く作曲している日本の作曲家です。この曲はピアノ連弾のための作品で、高い演奏効果を持つ作品です。	https://youtu.be/R7tTaGrnhOw
三善晃	唱歌の四季	文部省唱歌から選ばれた4曲に、さらにアンコール用として「夕焼小焼」を加えて合唱用に編曲したものを、さらに二台ピアノ用に編曲したもの。シンプルで美しい編曲です。	https://youtu.be/OGQy5lFaLUY
三善晃	アン・ヴェール	いわゆる現代曲に分類される難解な作品ですが、技巧的で激しい中間部などは聴き応えがあります。コンクールの課題曲として作曲されました。	https://youtu.be/YCOz1SOqROk
三善晃	ピアノソナタ	三善晃が残した多くのピアノ作品の中でも代表的な作品です。全体的に無調的で、全3楽章からなります。三善晃の作曲家としてのデビュー作となった力作です。	https://youtu.be/6qyZo4uG0Zw
三善晃	波のアラベスク	「海の日記帳」という全28曲からなる組曲の1曲。三善晃の曲は難解な曲も多いですが、この組曲は、全体的に美しく聴きやすいように感じます。	https://youtu.be/6rC7vvA1108
三宅榛名	赤とんぼ変奏曲	日本人なら誰でも知っている、「赤とんぼ」の主題による変奏曲。小学生ぐらいの子どもがよく演奏するようですが、ところどころ技巧的で難しそうです。	https://youtu.be/f86BXps4xJA
山田耕筰	哀詩 -「荒城の月」の主題による更衣曲	滝廉太郎の「荒城の月」の主題による長大な変奏曲です。曲名には、先輩作曲家であった滝廉太郎の夭折に対する深い悲しみが込められています。	https://youtu.be/p-pZRQu-uNI
山田耕筰	ピアノのための「からたちの花」	自身が作曲した童謡、「からたちの花」のピアノ編曲で、ピアニスティックな作品です。「からたちの花」の歌詞を書いた北原白秋に捧げられました。	https://youtu.be/w65H7G6aEQU
山田耕筰	スクリャービンに捧ぐる曲	日本を代表する作曲家、山田耕筰の作品。スクリャービンの詩曲の影響を強く感じる作品です。「夜の詩曲」「忘れ難きモスコーの夜」の2曲からなります。	https://youtu.be/eOFy8dd6FUY
寺内園生	ピアノ組曲「斑鳩」	斑鳩は奈良県の法隆寺周辺の地域のことを指す地名です。8曲からなる組曲で、東洋的でどこか静謐な響きがとても魅力的な作品です。	https://youtu.be/ce_s8I0pXGI
宍戸睦郎	鍵盤のための組曲 より 「トッカータII」	この組曲は2曲の「トッカータ」と間に挟まれた「アダージョ」からなります。「トッカータII」は打楽器的な連打などを多用した、いわゆるトッカータ的な作品です。	https://youtu.be/Ds9xYNTtT7I
篠田昌伸	炭酸	1曲目は炭酸水、2曲目はドライアイスを描写し、3曲目は演奏者が炭酸水の中に入るという想定で書かれた作品。発想がユニークで面白い作品です。	https://youtu.be/kvk3fKV9-cQ
十河陽一	「虹環」～サークルレインボー～	十河陽一は日本の作曲家で、風や虹など自然をテーマにした曲を多く作曲しています。曲全体を通して一貫するノリの良いリズムが印象的な作品です。	https://youtu.be/_kUQ1sksEkU
小栗克裕	「水の彩る風景」より 8月「逆巻く風・渦巻く流れ」	「水の彩る風景」は6曲からなる組曲で、それぞれの曲に詩がついています。穏やかな曲が多い曲集ですが、この曲は技巧的で激しいです。	https://youtu.be/LbD_UprxrGM
小林純生	Unreal Rain	作曲家、言語学者である小林純生の作品。タイトルは「架空の雨」という意味合いで、描写的で面白く、また美しい作品です。	https://youtu.be/wXjiC8IRC3o
新垣隆 (佐村河内守)	ドレンテ	「子供のために」という副題が添えられた、5分ほどの小品。音数が少なく、高音域の響きが美しい作品です。	https://youtu.be/O9N-9SnbgB8
森田真奈美	I am	ジャズピアニストの森田真奈美が作曲した、報道ステーションのオープニングで使われている曲です。意外と曲名を知らない人も多いのではないでしょうか？	https://youtu.be/URp-Qf45ZwI
菅原明朗	水煙	「白鳳の歌」という3曲からなる組曲の終曲にあたります。全体的にはフランス印象派風の雰囲気ですが、そこに「和」の要素が融合し、非常に魅力的な作品に仕上がっています。	https://youtu.be/lXZ_fK0J700
成田為三	「君が代」変奏曲	成田為三は20世紀前半の作曲家で、失われたものも多いですが多くの作品を残しています。この曲は技巧的な変奏曲で、近代的な和声進行も聴きどころです。	https://youtu.be/CvZ-AWP5qmE
西村朗	ヴィシュヌの化身	ヒンドゥー教を題材にした、6曲で80分ほどになる大規模な作品。難解な曲が多いですが、その中では比較的わかりやすいと思われる、第1曲「魚(マツヤ)」を紹介します。	https://youtu.be/OCKTrA7FnL8
西村朗	星の鏡	日本を代表する現代作曲家、西村朗の作品。西村朗の作品は現代的で難解なものも多いですが、この作品は、曲名通りの神秘的で静謐な雰囲気を持つ、美しい作品です。	https://youtu.be/CQ36ZNgAFes
青山政憲	屋島	第1回高松国際コンクールの課題曲。屋島とは香川県高松市の北東に浮かぶ島(正確には残丘)のことです。難解な曲の多い国際コンクールの課題曲の中では、わかりやすい作品です。	https://youtu.be/pLQDsk39zwI
石井眞木	ブラック・インテンションⅢ	美しい響きと、随所に効果的に使われている現代的な奏法が特徴的な作品です。速度の違う複数のリズムを同時に演奏しないといけないため、大変な難曲でもあります。	https://youtu.be/XOXVFW76azM
石井眞木	北・銀・夜 (冬)	1991年に作曲された、いわゆる現代の作品です。テンポが遅く、技巧的な部分も少ない分、現代音楽ならではの音の響きを楽しめる作品です。	https://youtu.be/QGT-OZudOzM
前山田健一=金喜聖	ヒャダインのカカカタ☆カタオモイ-C	アニメ「日常」のオープニング曲の2台ピアノ編曲版。編曲者の金喜聖は、他にもクラシックからアニソンまで、様々な曲の編曲を手がけています。	https://youtu.be/YvX341AuEsE
孫以強	春舞	中国的な旋律と和声感が特徴的な曲です。中国の少数民族の踊りの様子を描いた曲だ、と聞いたことがあります。中国を代表するピアニスト、ラン・ランの演奏でどうぞ。	https://youtu.be/KwLGHXVk19o
台信遼	秋霖抄	「即興演奏ワークショップ」のために作曲されたという作品で、「雨」と「 ✓ 型の図形」というテーマで作曲されたそうです。ピアノの高音域の美しい響きが存分に生かされています。	https://youtu.be/OQo0qTQjGig
滝廉太郎	憾	23歳という若さで世を去った日本を代表する作曲家の一人、滝廉太郎の最後の作品にして、数少ないピアノ作品の一つ。「憾」とは、心残りや未練を表すそうです。	https://youtu.be/KxSoqe9L13o
長生淳	燃えあがる丘	長生淳は吹奏楽や室内楽の作品を多く作曲している日本の作曲家で、2000年には武満徹作曲賞を受賞しました。架空の民族舞曲集という設定で書かれた、3曲からなる作品です。	https://youtu.be/YrNvUapE1qI
陳培勳	平湖秋月	おそらく民謡か何かのピアノ編曲だと思われます。アルペジオに乗って、穏やかで東洋的な旋律が奏されます。編曲のクオリティも高く、とても美しい作品です。	https://youtu.be/5HeEs7HXHxo
椎名豪=ピアニート公爵	蒼い鳥	原曲はIDOLM@STERの人気曲です。アニソンの編曲とは到底思えないほど、驚くほどクオリティの高い、技巧的でピアニスティックな編曲がなされています。	https://youtu.be/DUydeiXhgOQ
辻井伸行	ロックフェラーの天使の羽	ピアニストとして有名な辻井伸行ですが、自作曲も作曲しています。全体的にイージーリスニング系に近い作風で、いくつかはyoutubeでも聴けます。	https://youtu.be/SVZEHSwRGIE
田中カレン	テクノ・エチュード	3曲からなる作品で、同じ音形を繰り返す手法が非常に効果的に使われているのが特徴的です。現代音楽としては聴きやすく、独特の世界観に引き込まれる人も多いはず。	https://youtu.be/sqYNu9iw64E
土田英介	波動	いわゆる現代曲のため難解な部分も多いですが、美しく聴きやすい部分も多いため、邦人作品の中では人気のある作品です。技巧的で演奏効果も高い作品です。	https://youtu.be/KohhSvAa6EQ
徳山美奈子	ムジカ・ナラ	曲名は「奈良の音楽」という意味。東洋的な雰囲気が非常に素敵な作品です。演奏効果が非常に高いことから、コンクールなどでもよく演奏されるようです。	https://youtu.be/t8F1_GFHcXM
徳山美奈子	Flying Birds	「巣立つ鳥たちへ」という邦訳も添えられた作品です。楽譜には「To My Sons」という言葉も書かれており、親から子への思慕が込められた作品です。	https://youtu.be/qxM8Y7NfLRw
柏木俊夫	芭蕉の奥の細道による気紛れなパラフレーズ	17曲からなる組曲で、曲名は全て松尾芭蕉が読んだ俳句です。動画は第17曲の「荒海や佐渡に横たふ天の河」です。邦人作品の傑作の一つです。	https://youtu.be/MQHqfXbnFeQ
八村義夫	彼岸花の幻想	不協和音が多用された、難解で現代的な作風の作品です。作曲者は、「この曲で意図しているのは、或る、透明で不吉な予感である」とコメントしているそうです。	https://youtu.be/pgoXTgMq3Uw
尾高尚忠	日本組曲	「朝に」「あそぶ子供」「子守唄」「祭り」の4曲からなる組曲。古き良き日本の情景が目に浮かぶような、邦人作曲家の作品の中でも、特に日本的な性格が強い作品だと思います。	https://youtu.be/6w6OGvuaXRE
尾崎豊=スルタノフ	I LOVE YOU	アレクセイ・スルタノフは夭逝したものの現在でもファンの多いピアニストです。クラシックの演奏だけでなく、尾崎豊の楽曲の編曲などもしています。	https://youtu.be/tIjuVITzhFw
冨田悠暉	巡るものたちの輪舞曲	四季をテーマに作曲された作品。四度圏音楽理論により作曲された、美しい響きの作品です。なお、動画のリンクから作曲者自身の楽曲解説を読むことができます。	https://youtu.be/rVU7eTAkaVQ
武満徹	雨の樹 素描II	現代日本を代表する作曲家、武満徹の作品。「雨の樹 素描」は2曲あり、独特の響きが印象的な作品です。日本だけでなく、世界中のピアニストにより演奏されています。	https://youtu.be/UGRsjCj3t30
平井京子	ピアノ協奏曲「星の林」	平井京子は日本の作曲家で、ピアノ独奏曲なども多く書いています。この作品は柿本人麻呂の短歌から曲名を付けられており、不思議で幻想的な雰囲気の作品です。	https://youtu.be/6OFTFutu608
平井康三郎	幻想曲さくらさくら	日本の伝統的な箏曲あるいは歌曲の「さくらさくら」の主題に基づく幻想曲。変奏曲の形式を持ち、「さくらさくら」のメロディーが姿を変えながら何度も登場します。	https://youtu.be/3DosxIGdDP8
平尾貴四男	ピアノソナタ	日本人作曲家によるピアノソナタの最高傑作の一つ。近代的な和声が魅力的な作品です。3楽章からなりますが、1・3楽章のみの演奏をご紹介します。	https://youtu.be/72_NBQoV3C8
平野弦	天才バカボンの主題によるフーガ	アニメ「天才バカボン」の主題歌によるフーガ。「西から昇ったお日様が東へ沈む」の歌詞で有名な一節が、バッハのフーガのように多声的に展開されていきます。	https://youtu.be/M0YqSqUjbc4
箕作秋吉	さくらさくら	「花に因んだ3つのピアノ曲」の第2曲。日本人なら誰でも知っている「さくらさくら」の主題を基に、近代的な和声を多用して、美しく幻想的に編曲されています。	https://youtu.be/4QNAxxKS2BY
網守将平	Prelude	部類としては現代曲ですが、非常に疾走感のある、ジャズっぽい感じの曲です。カプースチンっぽい、とでも説明すれば伝わりやすいでしょうか。演奏効果はとても高いです。	https://youtu.be/wHwSmilTQZg
野田暉行	オード・カプリシャス	日本の現代作曲家、野田暉行の作品。1986年に作曲された作品です。演奏効果も高く、現代の作品としては聴きやすい作品です。	https://youtu.be/DgIiWRAh4mQ
矢代秋雄	ピアノ協奏曲	日本を代表する作曲家、矢代秋雄が作曲した唯一のピアノ協奏曲。現代曲の中では聴きやすく思われ、日本人の作曲したピアノ協奏曲の中では最も人気のある作品かもしれません。	https://youtu.be/vhVY0Bx3Xvs
矢代秋雄	荒武者の踊り	バレエ「吉田御殿」の中の1曲を、作曲者自らがピアノ編曲したもの。グリッサンドなどが多用されており、曲名通りの荒々しく演奏効果の高い作品です。	https://youtu.be/wbIJi1OYlO0
矢代秋雄	ピアノソナタ	矢代秋雄は日本を代表する作曲家の一人です。難解な作品ではありますが、1楽章の2つの主題をもとに曲が構成されているので、何回も聴けば魅力に気づけるかもしれません。	https://youtu.be/1Aawc74iLcg
譚盾	水彩画による8つの思い出	中国を代表する現代作曲家、譚盾の最初期の作品。東洋の伝統的な音楽と近代的な書法の融合によって生まれた傑作です。8曲で14分ほどと、一曲一曲は短いです。	https://youtu.be/HqSk_KXHP1M
冼星海	ピアノ協奏曲「黄河」	おそらく中国のクラシック音楽の中では最も人気のある作品です。4楽章からなりますが、時間は20分ほどとコンパクトで、中国らしい旋律が特徴的な傑作です。	https://youtu.be/OicroPbPfgw
Яyo	おもちゃのピアノのための夜想曲	トイピアノ(おもちゃのピアノ)とピアノの両方を使った作品です。トイピアノの音域の高さと狭さが上手く活かされた、とても美しい作品です。	https://youtu.be/CEBhIR7ALpw
モーツァルト=グリーグ	ピアノソナタ 第15番	最も有名なモーツァルトのピアノソナタを、グリーグが2台ピアノのために編曲したもの。原曲の可愛らしい雰囲気と2台ピアノならではの分厚い響きを併せ持つ編曲です。	https://youtu.be/7IfHeQ66GkE